Date,Start (ET),Visitor/Neutral,PTS,Home/Neutral,PTS,,,Attend.,Notes
Tue Oct 22 2019,8:00p,New Orleans Pelicans,122,Toronto Raptors,130,Box Score,OT,20787,
Tue Oct 22 2019,10:30p,Los Angeles Lakers,102,Los Angeles Clippers,112,Box Score,,19068,
Wed Oct 23 2019,7:00p,Chicago Bulls,125,Charlotte Hornets,126,Box Score,,15424,
Wed Oct 23 2019,7:00p,Detroit Pistons,119,Indiana Pacers,110,Box Score,,17923,
Wed Oct 23 2019,7:00p,Cleveland Cavaliers,85,Orlando Magic,94,Box Score,,18846,
Wed Oct 23 2019,7:30p,Minnesota Timberwolves,127,Brooklyn Nets,126,Box Score,OT,17732,
Wed Oct 23 2019,7:30p,Memphis Grizzlies,101,Miami Heat,120,Box Score,,19600,
Wed Oct 23 2019,7:30p,Boston Celtics,93,Philadelphia 76ers,107,Box Score,,20422,
Wed Oct 23 2019,8:30p,Washington Wizards,100,Dallas Mavericks,108,Box Score,,19816,
Wed Oct 23 2019,8:30p,New York Knicks,111,San Antonio Spurs,120,Box Score,,18354,
Wed Oct 23 2019,9:00p,Oklahoma City Thunder,95,Utah Jazz,100,Box Score,,18306,
Wed Oct 23 2019,10:00p,Denver Nuggets,108,Portland Trail Blazers,100,Box Score,,19991,
Wed Oct 23 2019,10:00p,Sacramento Kings,95,Phoenix Suns,124,Box Score,,18055,
Thu Oct 24 2019,7:00p,Atlanta Hawks,117,Detroit Pistons,100,Box Score,,20338,
Thu Oct 24 2019,8:00p,Milwaukee Bucks,117,Houston Rockets,111,Box Score,,18055,
Thu Oct 24 2019,10:30p,Los Angeles Clippers,141,Golden State Warriors,122,Box Score,,18064,
Fri Oct 25 2019,7:00p,Toronto Raptors,106,Boston Celtics,112,Box Score,,18624,
Fri Oct 25 2019,7:00p,Minnesota Timberwolves,121,Charlotte Hornets,99,Box Score,,14879,
Fri Oct 25 2019,7:30p,New York Knicks,109,Brooklyn Nets,113,Box Score,,17732,
Fri Oct 25 2019,8:00p,Chicago Bulls,110,Memphis Grizzlies,102,Box Score,,17794,
Fri Oct 25 2019,8:00p,Dallas Mavericks,123,New Orleans Pelicans,116,Box Score,,17027,
Fri Oct 25 2019,8:00p,Washington Wizards,97,Oklahoma City Thunder,85,Box Score,,18203,
Fri Oct 25 2019,9:00p,Phoenix Suns,107,Denver Nuggets,108,Box Score,OT,19557,
Fri Oct 25 2019,10:00p,Portland Trail Blazers,122,Sacramento Kings,112,Box Score,,17583,
Fri Oct 25 2019,10:30p,Utah Jazz,86,Los Angeles Lakers,95,Box Score,,18997,
Sat Oct 26 2019,5:00p,Miami Heat,131,Milwaukee Bucks,126,Box Score,OT,17467,
Sat Oct 26 2019,7:00p,Philadelphia 76ers,117,Detroit Pistons,111,Box Score,,16207,
Sat Oct 26 2019,7:30p,Orlando Magic,99,Atlanta Hawks,103,Box Score,,17078,
Sat Oct 26 2019,7:30p,Boston Celtics,118,New York Knicks,95,Box Score,,19812,
Sat Oct 26 2019,8:00p,Toronto Raptors,108,Chicago Bulls,84,Box Score,,21498,
Sat Oct 26 2019,8:00p,Indiana Pacers,99,Cleveland Cavaliers,110,Box Score,,19432,
Sat Oct 26 2019,8:00p,New Orleans Pelicans,123,Houston Rockets,126,Box Score,,18055,
Sat Oct 26 2019,8:30p,Washington Wizards,122,San Antonio Spurs,124,Box Score,,18354,
Sat Oct 26 2019,9:00p,Sacramento Kings,81,Utah Jazz,113,Box Score,,18306,
Sat Oct 26 2019,10:00p,Los Angeles Clippers,122,Phoenix Suns,130,Box Score,,15802,
Sun Oct 27 2019,3:30p,Golden State Warriors,92,Oklahoma City Thunder,120,Box Score,,18203,
Sun Oct 27 2019,6:00p,Brooklyn Nets,133,Memphis Grizzlies,134,Box Score,OT,15517,
Sun Oct 27 2019,7:00p,Portland Trail Blazers,121,Dallas Mavericks,119,Box Score,,19707,
Sun Oct 27 2019,7:00p,Miami Heat,109,Minnesota Timberwolves,116,Box Score,,17049,
Sun Oct 27 2019,9:30p,Charlotte Hornets,101,Los Angeles Lakers,120,Box Score,,18997,
Mon Oct 28 2019,7:00p,Indiana Pacers,94,Detroit Pistons,96,Box Score,,13565,
Mon Oct 28 2019,7:00p,Chicago Bulls,98,New York Knicks,105,Box Score,,19812,
Mon Oct 28 2019,7:30p,Philadelphia 76ers,105,Atlanta Hawks,103,Box Score,,14094,
Mon Oct 28 2019,7:30p,Orlando Magic,95,Toronto Raptors,104,Box Score,,19800,
Mon Oct 28 2019,8:00p,Cleveland Cavaliers,112,Milwaukee Bucks,129,Box Score,,17385,
Mon Oct 28 2019,8:00p,Golden State Warriors,134,New Orleans Pelicans,123,Box Score,,17307,
Mon Oct 28 2019,8:00p,Oklahoma City Thunder,112,Houston Rockets,116,Box Score,,18055,
Mon Oct 28 2019,8:30p,Portland Trail Blazers,110,San Antonio Spurs,113,Box Score,,18083,
Mon Oct 28 2019,10:00p,Utah Jazz,96,Phoenix Suns,95,Box Score,,14805,
Mon Oct 28 2019,10:00p,Denver Nuggets,101,Sacramento Kings,94,Box Score,,15870,
Mon Oct 28 2019,10:30p,Charlotte Hornets,96,Los Angeles Clippers,111,Box Score,,19068,
Tue Oct 29 2019,7:30p,Atlanta Hawks,97,Miami Heat,112,Box Score,,19600,
Tue Oct 29 2019,9:00p,Dallas Mavericks,109,Denver Nuggets,106,Box Score,,16605,
Tue Oct 29 2019,10:30p,Memphis Grizzlies,91,Los Angeles Lakers,120,Box Score,,18997,
Wed Oct 30 2019,7:00p,Minnesota Timberwolves,95,Philadelphia 76ers,117,Box Score,,20204,
Wed Oct 30 2019,7:00p,New York Knicks,83,Orlando Magic,95,Box Score,,17456,
Wed Oct 30 2019,7:00p,Chicago Bulls,111,Cleveland Cavaliers,117,Box Score,,17595,
Wed Oct 30 2019,7:30p,Indiana Pacers,118,Brooklyn Nets,108,Box Score,,17083,
Wed Oct 30 2019,7:30p,Milwaukee Bucks,105,Boston Celtics,116,Box Score,,18624,
Wed Oct 30 2019,7:30p,Detroit Pistons,113,Toronto Raptors,125,Box Score,,19800,
Wed Oct 30 2019,8:00p,Portland Trail Blazers,102,Oklahoma City Thunder,99,Box Score,,18203,
Wed Oct 30 2019,8:00p,Houston Rockets,159,Washington Wizards,158,Box Score,,20476,
Wed Oct 30 2019,10:00p,Charlotte Hornets,118,Sacramento Kings,111,Box Score,,15416,
Wed Oct 30 2019,10:00p,Los Angeles Clippers,96,Utah Jazz,110,Box Score,,18306,
Wed Oct 30 2019,10:30p,Phoenix Suns,121,Golden State Warriors,110,Box Score,,18064,
Thu Oct 31 2019,7:00p,Miami Heat,106,Atlanta Hawks,97,Box Score,,16539,
Thu Oct 31 2019,9:30p,Denver Nuggets,107,New Orleans Pelicans,122,Box Score,,16613,
Thu Oct 31 2019,10:30p,San Antonio Spurs,97,Los Angeles Clippers,103,Box Score,,19068,
Fri Oct 2 2020,9:00p,Miami Heat,114,Los Angeles Lakers,124,Box Score,,,
Sun Oct 4 2020,7:30p,Los Angeles Lakers,104,Miami Heat,115,Box Score,,,
Tue Oct 6 2020,9:00p,Los Angeles Lakers,102,Miami Heat,96,Box Score,,,
Fri Oct 9 2020,9:00p,Miami Heat,111,Los Angeles Lakers,108,Box Score,,,
Sun Oct 11 2020,7:30p,Los Angeles Lakers,106,Miami Heat,93,Box Score,,,Date,Start (ET),Visitor/Neutral,PTS,Home/Neutral,PTS,,,Attend.,Notes
Tue Oct 22 2019,8:00p,New Orleans Pelicans,122,Toronto Raptors,130,Box Score,OT,20787,
Tue Oct 22 2019,10:30p,Los Angeles Lakers,102,Los Angeles Clippers,112,Box Score,,19068,
Wed Oct 23 2019,7:00p,Chicago Bulls,125,Charlotte Hornets,126,Box Score,,15424,
Wed Oct 23 2019,7:00p,Detroit Pistons,119,Indiana Pacers,110,Box Score,,17923,
Wed Oct 23 2019,7:00p,Cleveland Cavaliers,85,Orlando Magic,94,Box Score,,18846,
Wed Oct 23 2019,7:30p,Minnesota Timberwolves,127,Brooklyn Nets,126,Box Score,OT,17732,
Wed Oct 23 2019,7:30p,Memphis Grizzlies,101,Miami Heat,120,Box Score,,19600,
Wed Oct 23 2019,7:30p,Boston Celtics,93,Philadelphia 76ers,107,Box Score,,20422,
Wed Oct 23 2019,8:30p,Washington Wizards,100,Dallas Mavericks,108,Box Score,,19816,
Wed Oct 23 2019,8:30p,New York Knicks,111,San Antonio Spurs,120,Box Score,,18354,
Wed Oct 23 2019,9:00p,Oklahoma City Thunder,95,Utah Jazz,100,Box Score,,18306,
Wed Oct 23 2019,10:00p,Denver Nuggets,108,Portland Trail Blazers,100,Box Score,,19991,
Wed Oct 23 2019,10:00p,Sacramento Kings,95,Phoenix Suns,124,Box Score,,18055,
Thu Oct 24 2019,7:00p,Atlanta Hawks,117,Detroit Pistons,100,Box Score,,20338,
Thu Oct 24 2019,8:00p,Milwaukee Bucks,117,Houston Rockets,111,Box Score,,18055,
Thu Oct 24 2019,10:30p,Los Angeles Clippers,141,Golden State Warriors,122,Box Score,,18064,
Fri Oct 25 2019,7:00p,Toronto Raptors,106,Boston Celtics,112,Box Score,,18624,
Fri Oct 25 2019,7:00p,Minnesota Timberwolves,121,Charlotte Hornets,99,Box Score,,14879,
Fri Oct 25 2019,7:30p,New York Knicks,109,Brooklyn Nets,113,Box Score,,17732,
Fri Oct 25 2019,8:00p,Chicago Bulls,110,Memphis Grizzlies,102,Box Score,,17794,
Fri Oct 25 2019,8:00p,Dallas Mavericks,123,New Orleans Pelicans,116,Box Score,,17027,
Fri Oct 25 2019,8:00p,Washington Wizards,97,Oklahoma City Thunder,85,Box Score,,18203,
Fri Oct 25 2019,9:00p,Phoenix Suns,107,Denver Nuggets,108,Box Score,OT,19557,
Fri Oct 25 2019,10:00p,Portland Trail Blazers,122,Sacramento Kings,112,Box Score,,17583,
Fri Oct 25 2019,10:30p,Utah Jazz,86,Los Angeles Lakers,95,Box Score,,18997,
Sat Oct 26 2019,5:00p,Miami Heat,131,Milwaukee Bucks,126,Box Score,OT,17467,
Sat Oct 26 2019,7:00p,Philadelphia 76ers,117,Detroit Pistons,111,Box Score,,16207,
Sat Oct 26 2019,7:30p,Orlando Magic,99,Atlanta Hawks,103,Box Score,,17078,
Sat Oct 26 2019,7:30p,Boston Celtics,118,New York Knicks,95,Box Score,,19812,
Sat Oct 26 2019,8:00p,Toronto Raptors,108,Chicago Bulls,84,Box Score,,21498,
Sat Oct 26 2019,8:00p,Indiana Pacers,99,Cleveland Cavaliers,110,Box Score,,19432,
Sat Oct 26 2019,8:00p,New Orleans Pelicans,123,Houston Rockets,126,Box Score,,18055,
Sat Oct 26 2019,8:30p,Washington Wizards,122,San Antonio Spurs,124,Box Score,,18354,
Sat Oct 26 2019,9:00p,Sacramento Kings,81,Utah Jazz,113,Box Score,,18306,
Sat Oct 26 2019,10:00p,Los Angeles Clippers,122,Phoenix Suns,130,Box Score,,15802,
Sun Oct 27 2019,3:30p,Golden State Warriors,92,Oklahoma City Thunder,120,Box Score,,18203,
Sun Oct 27 2019,6:00p,Brooklyn Nets,133,Memphis Grizzlies,134,Box Score,OT,15517,
Sun Oct 27 2019,7:00p,Portland Trail Blazers,121,Dallas Mavericks,119,Box Score,,19707,
Sun Oct 27 2019,7:00p,Miami Heat,109,Minnesota Timberwolves,116,Box Score,,17049,
Sun Oct 27 2019,9:30p,Charlotte Hornets,101,Los Angeles Lakers,120,Box Score,,18997,
Mon Oct 28 2019,7:00p,Indiana Pacers,94,Detroit Pistons,96,Box Score,,13565,
Mon Oct 28 2019,7:00p,Chicago Bulls,98,New York Knicks,105,Box Score,,19812,
Mon Oct 28 2019,7:30p,Philadelphia 76ers,105,Atlanta Hawks,103,Box Score,,14094,
Mon Oct 28 2019,7:30p,Orlando Magic,95,Toronto Raptors,104,Box Score,,19800,
Mon Oct 28 2019,8:00p,Cleveland Cavaliers,112,Milwaukee Bucks,129,Box Score,,17385,
Mon Oct 28 2019,8:00p,Golden State Warriors,134,New Orleans Pelicans,123,Box Score,,17307,
Mon Oct 28 2019,8:00p,Oklahoma City Thunder,112,Houston Rockets,116,Box Score,,18055,
Mon Oct 28 2019,8:30p,Portland Trail Blazers,110,San Antonio Spurs,113,Box Score,,18083,
Mon Oct 28 2019,10:00p,Utah Jazz,96,Phoenix Suns,95,Box Score,,14805,
Mon Oct 28 2019,10:00p,Denver Nuggets,101,Sacramento Kings,94,Box Score,,15870,
Mon Oct 28 2019,10:30p,Charlotte Hornets,96,Los Angeles Clippers,111,Box Score,,19068,
Tue Oct 29 2019,7:30p,Atlanta Hawks,97,Miami Heat,112,Box Score,,19600,
Tue Oct 29 2019,9:00p,Dallas Mavericks,109,Denver Nuggets,106,Box Score,,16605,
Tue Oct 29 2019,10:30p,Memphis Grizzlies,91,Los Angeles Lakers,120,Box Score,,18997,
Wed Oct 30 2019,7:00p,Minnesota Timberwolves,95,Philadelphia 76ers,117,Box Score,,20204,
Wed Oct 30 2019,7:00p,New York Knicks,83,Orlando Magic,95,Box Score,,17456,
Wed Oct 30 2019,7:00p,Chicago Bulls,111,Cleveland Cavaliers,117,Box Score,,17595,
Wed Oct 30 2019,7:30p,Indiana Pacers,118,Brooklyn Nets,108,Box Score,,17083,
Wed Oct 30 2019,7:30p,Milwaukee Bucks,105,Boston Celtics,116,Box Score,,18624,
Wed Oct 30 2019,7:30p,Detroit Pistons,113,Toronto Raptors,125,Box Score,,19800,
Wed Oct 30 2019,8:00p,Portland Trail Blazers,102,Oklahoma City Thunder,99,Box Score,,18203,
Wed Oct 30 2019,8:00p,Houston Rockets,159,Washington Wizards,158,Box Score,,20476,
Wed Oct 30 2019,10:00p,Charlotte Hornets,118,Sacramento Kings,111,Box Score,,15416,
Wed Oct 30 2019,10:00p,Los Angeles Clippers,96,Utah Jazz,110,Box Score,,18306,
Wed Oct 30 2019,10:30p,Phoenix Suns,121,Golden State Warriors,110,Box Score,,18064,
Thu Oct 31 2019,7:00p,Miami Heat,106,Atlanta Hawks,97,Box Score,,16539,
Thu Oct 31 2019,9:30p,Denver Nuggets,107,New Orleans Pelicans,122,Box Score,,16613,
Thu Oct 31 2019,10:30p,San Antonio Spurs,97,Los Angeles Clippers,103,Box Score,,19068,
Fri Oct 2 2020,9:00p,Miami Heat,114,Los Angeles Lakers,124,Box Score,,,
Sun Oct 4 2020,7:30p,Los Angeles Lakers,104,Miami Heat,115,Box Score,,,
Tue Oct 6 2020,9:00p,Los Angeles Lakers,102,Miami Heat,96,Box Score,,,
Fri Oct 9 2020,9:00p,Miami Heat,111,Los Angeles Lakers,108,Box Score,,,
Sun Oct 11 2020,7:30p,Los Angeles Lakers,106,Miami Heat,93,Box Score,,,
Fri Nov 1 2019,7:00p,Houston Rockets,116,Brooklyn Nets,123,Box Score,,17732,
Fri Nov 1 2019,7:00p,Cleveland Cavaliers,95,Indiana Pacers,102,Box Score,,16079,
Fri Nov 1 2019,7:00p,Milwaukee Bucks,123,Orlando Magic,91,Box Score,,15105,
Fri Nov 1 2019,7:30p,New York Knicks,102,Boston Celtics,104,Box Score,,18624,
Fri Nov 1 2019,8:00p,Detroit Pistons,106,Chicago Bulls,112,Box Score,,20671,
Fri Nov 1 2019,9:30p,Los Angeles Lakers,119,Dallas Mavericks,110,Box Score,OT,20358,
Fri Nov 1 2019,10:00p,Utah Jazz,101,Sacramento Kings,102,Box Score,,16273,
Fri Nov 1 2019,10:30p,San Antonio Spurs,127,Golden State Warriors,110,Box Score,,18064,
Sat Nov 2 2019,5:00p,New Orleans Pelicans,104,Oklahoma City Thunder,115,Box Score,,18203,
Sat Nov 2 2019,7:00p,Brooklyn Nets,109,Detroit Pistons,113,Box Score,,17222,
Sat Nov 2 2019,7:00p,Denver Nuggets,91,Orlando Magic,87,Box Score,,17025,
Sat Nov 2 2019,8:00p,Phoenix Suns,114,Memphis Grizzlies,105,Box Score,,14144,
Sat Nov 2 2019,8:00p,Toronto Raptors,105,Milwaukee Bucks,115,Box Score,,17637,
Sat Nov 2 2019,8:00p,Minnesota Timberwolves,131,Washington Wizards,109,Box Score,,15150,
Sat Nov 2 2019,8:30p,Charlotte Hornets,93,Golden State Warriors,87,Box Score,,18064,
Sat Nov 2 2019,10:00p,Philadelphia 76ers,129,Portland Trail Blazers,128,Box Score,,19669,
Sun Nov 3 2019,5:00p,Chicago Bulls,95,Indiana Pacers,108,Box Score,,17073,
Sun Nov 3 2019,6:00p,Houston Rockets,100,Miami Heat,129,Box Score,,19724,
Sun Nov 3 2019,6:00p,Sacramento Kings,113,New York Knicks,92,Box Score,,19812,
Sun Nov 3 2019,7:00p,Los Angeles Lakers,103,San Antonio Spurs,96,Box Score,,18610,
Sun Nov 3 2019,7:30p,Dallas Mavericks,131,Cleveland Cavaliers,111,Box Score,,18078,
Sun Nov 3 2019,9:00p,Utah Jazz,94,Los Angeles Clippers,105,Box Score,,19068,
Mon Nov 4 2019,7:00p,Detroit Pistons,99,Washington Wizards,115,Box Score,,13052,
Mon Nov 4 2019,7:30p,New Orleans Pelicans,125,Brooklyn Nets,135,Box Score,,17194,
Mon Nov 4 2019,8:00p,Houston Rockets,107,Memphis Grizzlies,100,Box Score,,14197,
Mon Nov 4 2019,8:00p,Milwaukee Bucks,134,Minnesota Timberwolves,106,Box Score,,16271,
Mon Nov 4 2019,9:00p,Philadelphia 76ers,109,Phoenix Suns,114,Box Score,,14285,
Mon Nov 4 2019,10:30p,Portland Trail Blazers,118,Golden State Warriors,127,Box Score,,18064,
Tue Nov 5 2019,7:00p,Indiana Pacers,120,Charlotte Hornets,122,Box Score,OT,13341,
Tue Nov 5 2019,7:00p,Boston Celtics,119,Cleveland Cavaliers,113,Box Score,,17709,
Tue Nov 5 2019,7:30p,San Antonio Spurs,100,Atlanta Hawks,108,Box Score,,14025,
Tue Nov 5 2019,8:00p,Los Angeles Lakers,118,Chicago Bulls,112,Box Score,,21193,
Tue Nov 5 2019,8:00p,Orlando Magic,94,Oklahoma City Thunder,102,Box Score,,18203,
Tue Nov 5 2019,9:00p,Miami Heat,89,Denver Nuggets,109,Box Score,,18010,
Wed Nov 6 2019,7:00p,New York Knicks,102,Detroit Pistons,122,Box Score,,15463,
Wed Nov 6 2019,7:00p,Washington Wizards,106,Indiana Pacers,121,Box Score,,16171,
Wed Nov 6 2019,7:30p,Chicago Bulls,113,Atlanta Hawks,93,Box Score,,15049,
Wed Nov 6 2019,7:30p,Golden State Warriors,112,Houston Rockets,129,Box Score,,18055,
Wed Nov 6 2019,7:30p,Sacramento Kings,120,Toronto Raptors,124,Box Score,,19800,
Wed Nov 6 2019,8:00p,Minnesota Timberwolves,121,Memphis Grizzlies,137,Box Score,,13503,
Wed Nov 6 2019,8:30p,Orlando Magic,106,Dallas Mavericks,107,Box Score,,19487,
Wed Nov 6 2019,9:00p,Philadelphia 76ers,104,Utah Jazz,106,Box Score,,18306,
Wed Nov 6 2019,10:00p,Milwaukee Bucks,129,Los Angeles Clippers,124,Box Score,,19068,
Thu Nov 7 2019,8:00p,Boston Celtics,108,Charlotte Hornets,87,Box Score,,18487,
Thu Nov 7 2019,8:30p,Oklahoma City Thunder,112,San Antonio Spurs,121,Box Score,,18354,
Thu Nov 7 2019,9:00p,Miami Heat,124,Phoenix Suns,108,Box Score,,15498,
Thu Nov 7 2019,10:30p,Portland Trail Blazers,101,Los Angeles Clippers,107,Box Score,,19068,
Fri Nov 8 2019,7:00p,Detroit Pistons,106,Indiana Pacers,112,Box Score,,15544,
Fri Nov 8 2019,7:00p,Memphis Grizzlies,86,Orlando Magic,118,Box Score,,17021,
Fri Nov 8 2019,7:00p,Cleveland Cavaliers,113,Washington Wizards,100,Box Score,,16946,
Fri Nov 8 2019,7:30p,Sacramento Kings,121,Atlanta Hawks,109,Box Score,,16447,
Fri Nov 8 2019,8:00p,Golden State Warriors,119,Minnesota Timberwolves,125,Box Score,OT,15647,
Fri Nov 8 2019,8:00p,Toronto Raptors,122,New Orleans Pelicans,104,Box Score,,16337,
Fri Nov 8 2019,8:30p,New York Knicks,106,Dallas Mavericks,102,Box Score,,20257,
Fri Nov 8 2019,9:00p,Philadelphia 76ers,97,Denver Nuggets,100,Box Score,,19520,
Fri Nov 8 2019,9:00p,Milwaukee Bucks,100,Utah Jazz,103,Box Score,,18306,
Fri Nov 8 2019,10:00p,Brooklyn Nets,119,Portland Trail Blazers,115,Box Score,,20089,
Fri Nov 8 2019,10:30p,Miami Heat,80,Los Angeles Lakers,95,Box Score,,18997,
Sat Nov 9 2019,5:00p,Boston Celtics,135,San Antonio Spurs,115,Box Score,,18354,
Sat Nov 9 2019,7:00p,New Orleans Pelicans,115,Charlotte Hornets,110,Box Score,,18513,
Sat Nov 9 2019,8:00p,Houston Rockets,117,Chicago Bulls,94,Box Score,,20482,
Sat Nov 9 2019,8:00p,Dallas Mavericks,138,Memphis Grizzlies,122,Box Score,,15753,
Sat Nov 9 2019,8:00p,Golden State Warriors,108,Oklahoma City Thunder,114,Box Score,,18203,
Sun Nov 10 2019,3:30p,Denver Nuggets,100,Minnesota Timberwolves,98,Box Score,OT,13553,
Sun Nov 10 2019,6:00p,Indiana Pacers,109,Orlando Magic,102,Box Score,,17118,
Sun Nov 10 2019,6:00p,Charlotte Hornets,106,Philadelphia 76ers,114,Box Score,,20311,
Sun Nov 10 2019,7:00p,Milwaukee Bucks,121,Oklahoma City Thunder,119,Box Score,,18203,
Sun Nov 10 2019,7:30p,Cleveland Cavaliers,108,New York Knicks,87,Box Score,,19812,
Sun Nov 10 2019,8:00p,Brooklyn Nets,112,Phoenix Suns,138,Box Score,,17290,
Sun Nov 10 2019,9:00p,Atlanta Hawks,113,Portland Trail Blazers,124,Box Score,OT,20041,
Sun Nov 10 2019,9:30p,Toronto Raptors,113,Los Angeles Lakers,104,Box Score,,18997,
Mon Nov 11 2019,7:00p,Minnesota Timberwolves,120,Detroit Pistons,114,Box Score,,12526,
Mon Nov 11 2019,7:30p,Dallas Mavericks,106,Boston Celtics,116,Box Score,,18624,
Mon Nov 11 2019,7:30p,Memphis Grizzlies,113,San Antonio Spurs,109,Box Score,,18627,
Mon Nov 11 2019,8:00p,Houston Rockets,122,New Orleans Pelicans,116,Box Score,,16695,
Mon Nov 11 2019,10:30p,Utah Jazz,122,Golden State Warriors,108,Box Score,,18064,
Mon Nov 11 2019,10:30p,Toronto Raptors,88,Los Angeles Clippers,98,Box Score,,19068,
Tue Nov 12 2019,7:00p,Oklahoma City Thunder,85,Indiana Pacers,111,Box Score,,15838,
Tue Nov 12 2019,7:00p,Cleveland Cavaliers,97,Philadelphia 76ers,98,Box Score,,20294,
Tue Nov 12 2019,7:30p,Detroit Pistons,108,Miami Heat,117,Box Score,,19600,
Tue Nov 12 2019,8:00p,New York Knicks,102,Chicago Bulls,120,Box Score,,18668,
Tue Nov 12 2019,9:00p,Atlanta Hawks,125,Denver Nuggets,121,Box Score,,18327,
Tue Nov 12 2019,9:00p,Los Angeles Lakers,123,Phoenix Suns,115,Box Score,,18055,
Tue Nov 12 2019,9:00p,Brooklyn Nets,114,Utah Jazz,119,Box Score,,18306,
Tue Nov 12 2019,10:00p,Portland Trail Blazers,99,Sacramento Kings,107,Box Score,,16358,
Wed Nov 13 2019,7:00p,Memphis Grizzlies,119,Charlotte Hornets,117,Box Score,,13155,
Wed Nov 13 2019,7:00p,Philadelphia 76ers,97,Orlando Magic,112,Box Score,,15113,
Wed Nov 13 2019,7:30p,Washington Wizards,133,Boston Celtics,140,Box Score,,19156,
Wed Nov 13 2019,7:30p,Los Angeles Clippers,93,Houston Rockets,102,Box Score,,18055,
Wed Nov 13 2019,8:00p,San Antonio Spurs,114,Minnesota Timberwolves,129,Box Score,,11581,
Wed Nov 13 2019,10:00p,Golden State Warriors,94,Los Angeles Lakers,120,Box Score,,18997,
Wed Nov 13 2019,10:00p,Toronto Raptors,114,Portland Trail Blazers,106,Box Score,,19544,
Thu Nov 14 2019,6:00p,Miami Heat,108,Cleveland Cavaliers,97,Box Score,,17374,
Thu Nov 14 2019,8:00p,Chicago Bulls,115,Milwaukee Bucks,124,Box Score,,17627,
Thu Nov 14 2019,8:00p,Los Angeles Clippers,127,New Orleans Pelicans,132,Box Score,,17147,
Thu Nov 14 2019,8:00p,Dallas Mavericks,103,New York Knicks,106,Box Score,,19812,
Thu Nov 14 2019,9:00p,Atlanta Hawks,112,Phoenix Suns,128,Box Score,,15143,
Thu Nov 14 2019,10:30p,Brooklyn Nets,93,Denver Nuggets,101,Box Score,,18394,
Fri Nov 15 2019,7:00p,Detroit Pistons,106,Charlotte Hornets,109,Box Score,,16778,
Fri Nov 15 2019,7:00p,San Antonio Spurs,109,Orlando Magic,111,Box Score,,16296,
Fri Nov 15 2019,8:00p,Indiana Pacers,102,Houston Rockets,111,Box Score,,18055,
Fri Nov 15 2019,8:00p,Utah Jazz,106,Memphis Grizzlies,107,Box Score,,16422,
Fri Nov 15 2019,8:00p,Washington Wizards,137,Minnesota Timberwolves,116,Box Score,,12716,
Fri Nov 15 2019,8:00p,Philadelphia 76ers,119,Oklahoma City Thunder,127,Box Score,OT,18203,
Fri Nov 15 2019,10:30p,Boston Celtics,105,Golden State Warriors,100,Box Score,,18064,
Fri Nov 15 2019,10:30p,Sacramento Kings,97,Los Angeles Lakers,99,Box Score,,18997,
Sat Nov 16 2019,6:00p,Brooklyn Nets,117,Chicago Bulls,111,Box Score,,19148,
Sat Nov 16 2019,7:00p,Milwaukee Bucks,102,Indiana Pacers,83,Box Score,,17024,
Sat Nov 16 2019,7:30p,Charlotte Hornets,103,New York Knicks,102,Box Score,,19401,
Sat Nov 16 2019,8:00p,New Orleans Pelicans,94,Miami Heat,109,Box Score,,19600,
Sat Nov 16 2019,8:00p,Houston Rockets,125,Minnesota Timberwolves,105,Box Score,,18978,
Sat Nov 16 2019,8:30p,Toronto Raptors,102,Dallas Mavericks,110,Box Score,,19926,
Sat Nov 16 2019,8:30p,Portland Trail Blazers,121,San Antonio Spurs,116,Box Score,,18534,
Sat Nov 16 2019,10:30p,Atlanta Hawks,101,Los Angeles Clippers,150,Box Score,,19068,
Sun Nov 17 2019,3:00p,Philadelphia 76ers,114,Cleveland Cavaliers,95,Box Score,,19432,
Sun Nov 17 2019,3:30p,Boston Celtics,99,Sacramento Kings,100,Box Score,,16633,
Sun Nov 17 2019,6:00p,Denver Nuggets,131,Memphis Grizzlies,114,Box Score,,14227,
Sun Nov 17 2019,6:00p,Washington Wizards,121,Orlando Magic,125,Box Score,,16344,
Sun Nov 17 2019,7:00p,Golden State Warriors,100,New Orleans Pelicans,108,Box Score,,16812,
Sun Nov 17 2019,9:30p,Atlanta Hawks,101,Los Angeles Lakers,122,Box Score,,18997,
Mon Nov 18 2019,7:00p,Cleveland Cavaliers,105,New York Knicks,123,Box Score,,17097,
Mon Nov 18 2019,7:30p,Indiana Pacers,115,Brooklyn Nets,86,Box Score,,14140,
Mon Nov 18 2019,7:30p,Charlotte Hornets,96,Toronto Raptors,132,Box Score,,19800,
Mon Nov 18 2019,8:00p,Milwaukee Bucks,115,Chicago Bulls,101,Box Score,,17565,
Mon Nov 18 2019,8:00p,Portland Trail Blazers,108,Houston Rockets,132,Box Score,,18055,
Mon Nov 18 2019,8:30p,San Antonio Spurs,110,Dallas Mavericks,117,Box Score,,19637,
Mon Nov 18 2019,9:00p,Boston Celtics,99,Phoenix Suns,85,Box Score,,15193,
Mon Nov 18 2019,9:00p,Minnesota Timberwolves,112,Utah Jazz,102,Box Score,,18306,
Mon Nov 18 2019,10:30p,Oklahoma City Thunder,88,Los Angeles Clippers,90,Box Score,,19068,
Tue Nov 19 2019,8:00p,Golden State Warriors,114,Memphis Grizzlies,95,Box Score,,14511,
Tue Nov 19 2019,8:00p,Portland Trail Blazers,104,New Orleans Pelicans,115,Box Score,,15021,
Tue Nov 19 2019,10:00p,Phoenix Suns,116,Sacramento Kings,120,Box Score,,16732,
Tue Nov 19 2019,10:30p,Oklahoma City Thunder,107,Los Angeles Lakers,112,Box Score,,18997,
Wed Nov 20 2019,7:00p,New York Knicks,104,Philadelphia 76ers,109,Box Score,,20384,
Wed Nov 20 2019,7:00p,San Antonio Spurs,132,Washington Wizards,138,Box Score,,14579,
Wed Nov 20 2019,7:30p,Milwaukee Bucks,135,Atlanta Hawks,127,Box Score,,16441,
Wed Nov 20 2019,7:30p,Charlotte Hornets,91,Brooklyn Nets,101,Box Score,,14011,
Wed Nov 20 2019,7:30p,Golden State Warriors,94,Dallas Mavericks,142,Box Score,,19569,
Wed Nov 20 2019,7:30p,Cleveland Cavaliers,100,Miami Heat,124,Box Score,,19600,
Wed Nov 20 2019,7:30p,Orlando Magic,97,Toronto Raptors,113,Box Score,,19800,
Wed Nov 20 2019,8:00p,Detroit Pistons,89,Chicago Bulls,109,Box Score,,18119,
Wed Nov 20 2019,8:00p,Utah Jazz,103,Minnesota Timberwolves,95,Box Score,,13177,
Wed Nov 20 2019,9:00p,Houston Rockets,95,Denver Nuggets,105,Box Score,,17778,
Wed Nov 20 2019,10:00p,Boston Celtics,104,Los Angeles Clippers,107,Box Score,OT,19068,
Thu Nov 21 2019,8:00p,Portland Trail Blazers,129,Milwaukee Bucks,137,Box Score,,17385,
Thu Nov 21 2019,10:30p,New Orleans Pelicans,124,Phoenix Suns,121,Box Score,,13903,
Fri Nov 22 2019,7:00p,Atlanta Hawks,103,Detroit Pistons,128,Box Score,,15399,
Fri Nov 22 2019,7:00p,Charlotte Hornets,118,Washington Wizards,125,Box Score,,15053,
Fri Nov 22 2019,7:30p,Sacramento Kings,97,Brooklyn Nets,116,Box Score,,15619,
Fri Nov 22 2019,8:00p,Miami Heat,116,Chicago Bulls,108,Box Score,,18953,
Fri Nov 22 2019,8:00p,Los Angeles Lakers,130,Oklahoma City Thunder,127,Box Score,,18203,
Fri Nov 22 2019,8:00p,San Antonio Spurs,104,Philadelphia 76ers,115,Box Score,,20927,
Fri Nov 22 2019,8:30p,Cleveland Cavaliers,101,Dallas Mavericks,143,Box Score,,19639,
Fri Nov 22 2019,9:00p,Boston Celtics,92,Denver Nuggets,96,Box Score,,19520,
Fri Nov 22 2019,9:00p,Golden State Warriors,109,Utah Jazz,113,Box Score,,18306,
Fri Nov 22 2019,10:30p,Houston Rockets,119,Los Angeles Clippers,122,Box Score,,19068,
Sat Nov 23 2019,5:00p,Phoenix Suns,100,Minnesota Timberwolves,98,Box Score,,17362,
Sat Nov 23 2019,7:00p,Chicago Bulls,116,Charlotte Hornets,115,Box Score,,17891,
Sat Nov 23 2019,7:00p,Orlando Magic,106,Indiana Pacers,111,Box Score,,16446,
Sat Nov 23 2019,7:30p,Toronto Raptors,119,Atlanta Hawks,116,Box Score,,16931,
Sat Nov 23 2019,7:30p,San Antonio Spurs,111,New York Knicks,104,Box Score,,19320,
Sat Nov 23 2019,7:30p,Miami Heat,86,Philadelphia 76ers,113,Box Score,,21017,
Sat Nov 23 2019,8:00p,Portland Trail Blazers,104,Cleveland Cavaliers,110,Box Score,,19432,
Sat Nov 23 2019,8:00p,Los Angeles Lakers,109,Memphis Grizzlies,108,Box Score,,17794,
Sat Nov 23 2019,8:30p,Detroit Pistons,90,Milwaukee Bucks,104,Box Score,,17585,
Sat Nov 23 2019,9:00p,New Orleans Pelicans,120,Utah Jazz,128,Box Score,,18306,
Sun Nov 24 2019,3:30p,Dallas Mavericks,137,Houston Rockets,123,Box Score,,18055,
Sun Nov 24 2019,6:00p,Brooklyn Nets,103,New York Knicks,101,Box Score,,18770,
Sun Nov 24 2019,6:00p,Sacramento Kings,113,Washington Wizards,106,Box Score,,15885,
Sun Nov 24 2019,8:00p,Phoenix Suns,104,Denver Nuggets,116,Box Score,,19520,
Sun Nov 24 2019,9:00p,New Orleans Pelicans,109,Los Angeles Clippers,134,Box Score,,19068,
Mon Nov 25 2019,7:00p,Brooklyn Nets,108,Cleveland Cavaliers,106,Box Score,,17143,
Mon Nov 25 2019,7:00p,Orlando Magic,88,Detroit Pistons,103,Box Score,,14695,
Mon Nov 25 2019,7:00p,Memphis Grizzlies,114,Indiana Pacers,126,Box Score,,15141,
Mon Nov 25 2019,7:30p,Minnesota Timberwolves,125,Atlanta Hawks,113,Box Score,,16218,
Mon Nov 25 2019,7:30p,Sacramento Kings,102,Boston Celtics,103,Box Score,,19156,
Mon Nov 25 2019,7:30p,Charlotte Hornets,100,Miami Heat,117,Box Score,,19600,
Mon Nov 25 2019,7:30p,Philadelphia 76ers,96,Toronto Raptors,101,Box Score,,19800,
Mon Nov 25 2019,8:00p,Portland Trail Blazers,117,Chicago Bulls,94,Box Score,,18776,
Mon Nov 25 2019,8:00p,Utah Jazz,118,Milwaukee Bucks,122,Box Score,,17385,
Mon Nov 25 2019,8:30p,Los Angeles Lakers,114,San Antonio Spurs,104,Box Score,,18498,
Mon Nov 25 2019,10:30p,Oklahoma City Thunder,100,Golden State Warriors,97,Box Score,,18064,
Tue Nov 26 2019,8:30p,Los Angeles Clippers,114,Dallas Mavericks,99,Box Score,,20407,
Tue Nov 26 2019,9:00p,Washington Wizards,104,Denver Nuggets,117,Box Score,,18673,
Wed Nov 27 2019,7:00p,Brooklyn Nets,110,Boston Celtics,121,Box Score,,19156,
Wed Nov 27 2019,7:00p,Detroit Pistons,101,Charlotte Hornets,102,Box Score,,15535,
Wed Nov 27 2019,7:00p,Orlando Magic,116,Cleveland Cavaliers,104,Box Score,,17712,
Wed Nov 27 2019,7:00p,Utah Jazz,102,Indiana Pacers,121,Box Score,,17027,
Wed Nov 27 2019,7:00p,Sacramento Kings,91,Philadelphia 76ers,97,Box Score,,20592,
Wed Nov 27 2019,7:30p,New York Knicks,98,Toronto Raptors,126,Box Score,,19800,
Wed Nov 27 2019,8:00p,Miami Heat,108,Houston Rockets,117,Box Score,,18055,
Wed Nov 27 2019,8:00p,Los Angeles Clippers,121,Memphis Grizzlies,119,Box Score,,16721,
Wed Nov 27 2019,8:00p,Atlanta Hawks,102,Milwaukee Bucks,111,Box Score,,17525,
Wed Nov 27 2019,8:30p,Minnesota Timberwolves,113,San Antonio Spurs,101,Box Score,,18354,
Wed Nov 27 2019,9:00p,Washington Wizards,140,Phoenix Suns,132,Box Score,,14123,
Wed Nov 27 2019,9:30p,Los Angeles Lakers,114,New Orleans Pelicans,110,Box Score,,18626,
Wed Nov 27 2019,10:00p,Oklahoma City Thunder,119,Portland Trail Blazers,136,Box Score,,19870,
Wed Nov 27 2019,10:30p,Chicago Bulls,90,Golden State Warriors,104,Box Score,,18064,
Fri Nov 29 2019,12:00p,Boston Celtics,107,Brooklyn Nets,112,Box Score,,17732,
Fri Nov 29 2019,7:00p,Charlotte Hornets,110,Detroit Pistons,107,Box Score,,15006,
Fri Nov 29 2019,7:00p,Toronto Raptors,90,Orlando Magic,83,Box Score,,17014,
Fri Nov 29 2019,7:30p,Milwaukee Bucks,119,Cleveland Cavaliers,110,Box Score,,19432,
Fri Nov 29 2019,7:30p,Philadelphia 76ers,101,New York Knicks,95,Box Score,,18109,
Fri Nov 29 2019,8:00p,Atlanta Hawks,104,Indiana Pacers,105,Box Score,OT,15827,
Fri Nov 29 2019,8:00p,Utah Jazz,103,Memphis Grizzlies,94,Box Score,,16605,
Fri Nov 29 2019,8:00p,Golden State Warriors,105,Miami Heat,122,Box Score,,19600,
Fri Nov 29 2019,8:00p,New Orleans Pelicans,104,Oklahoma City Thunder,109,Box Score,,18203,
Fri Nov 29 2019,8:30p,Los Angeles Clippers,97,San Antonio Spurs,107,Box Score,,18354,
Fri Nov 29 2019,9:00p,Dallas Mavericks,120,Phoenix Suns,113,Box Score,,18055,
Fri Nov 29 2019,10:00p,Chicago Bulls,103,Portland Trail Blazers,107,Box Score,,20139,
Fri Nov 29 2019,10:30p,Washington Wizards,103,Los Angeles Lakers,125,Box Score,,18997,
Sat Nov 30 2019,5:00p,Denver Nuggets,97,Sacramento Kings,100,Box Score,OT,17583,
Sat Nov 30 2019,7:00p,Indiana Pacers,116,Philadelphia 76ers,119,Box Score,,20517,
Sat Nov 30 2019,8:00p,Atlanta Hawks,111,Houston Rockets,158,Box Score,,18055,
Sat Nov 30 2019,8:00p,Charlotte Hornets,96,Milwaukee Bucks,137,Box Score,,17550,
Sun Dec 1 2019,3:00p,Miami Heat,109,Brooklyn Nets,106,Box Score,,17026,
Sun Dec 1 2019,3:30p,Memphis Grizzlies,115,Minnesota Timberwolves,107,Box Score,,12276,
Sun Dec 1 2019,3:30p,Boston Celtics,113,New York Knicks,104,Box Score,,18005,
Sun Dec 1 2019,4:00p,Dallas Mavericks,114,Los Angeles Lakers,100,Box Score,,18997,
Sun Dec 1 2019,5:00p,San Antonio Spurs,98,Detroit Pistons,132,Box Score,,14270,
Sun Dec 1 2019,5:00p,Oklahoma City Thunder,107,New Orleans Pelicans,104,Box Score,,15427,
Sun Dec 1 2019,6:00p,Golden State Warriors,96,Orlando Magic,100,Box Score,,15052,
Sun Dec 1 2019,6:00p,Utah Jazz,110,Toronto Raptors,130,Box Score,,18132,
Sun Dec 1 2019,10:30p,Washington Wizards,125,Los Angeles Clippers,150,Box Score,,19068,
Mon Dec 2 2019,7:00p,Phoenix Suns,109,Charlotte Hornets,104,Box Score,,11221,
Mon Dec 2 2019,7:00p,Utah Jazz,94,Philadelphia 76ers,103,Box Score,,20208,
Mon Dec 2 2019,7:30p,Golden State Warriors,79,Atlanta Hawks,104,Box Score,,14278,
Mon Dec 2 2019,8:00p,Indiana Pacers,117,Memphis Grizzlies,104,Box Score,,11919,
Mon Dec 2 2019,8:00p,New York Knicks,88,Milwaukee Bucks,132,Box Score,,17385,
Mon Dec 2 2019,10:00p,Chicago Bulls,113,Sacramento Kings,106,Box Score,,17257,
Tue Dec 3 2019,7:00p,Detroit Pistons,127,Cleveland Cavaliers,94,Box Score,,17504,
Tue Dec 3 2019,7:00p,Orlando Magic,127,Washington Wizards,120,Box Score,,13159,
Tue Dec 3 2019,7:30p,Dallas Mavericks,118,New Orleans Pelicans,97,Box Score,,14664,
Tue Dec 3 2019,7:30p,Miami Heat,121,Toronto Raptors,110,Box Score,OT,19800,
Tue Dec 3 2019,8:30p,Houston Rockets,133,San Antonio Spurs,135,Box Score,2OT,18354,
Tue Dec 3 2019,9:00p,Los Angeles Lakers,105,Denver Nuggets,96,Box Score,,19658,
Tue Dec 3 2019,10:00p,Portland Trail Blazers,97,Los Angeles Clippers,117,Box Score,,19068,
Wed Dec 4 2019,7:00p,Golden State Warriors,91,Charlotte Hornets,106,Box Score,,14355,
Wed Dec 4 2019,7:00p,Milwaukee Bucks,127,Detroit Pistons,103,Box Score,,15742,
Wed Dec 4 2019,7:00p,Phoenix Suns,114,Orlando Magic,128,Box Score,,15176,
Wed Dec 4 2019,7:30p,Brooklyn Nets,130,Atlanta Hawks,118,Box Score,,15694,
Wed Dec 4 2019,7:30p,Miami Heat,93,Boston Celtics,112,Box Score,,19156,
Wed Dec 4 2019,8:00p,Memphis Grizzlies,99,Chicago Bulls,106,Box Score,,15017,
Wed Dec 4 2019,8:00p,Indiana Pacers,107,Oklahoma City Thunder,100,Box Score,,18203,
Wed Dec 4 2019,8:30p,Minnesota Timberwolves,114,Dallas Mavericks,121,Box Score,,19671,
Wed Dec 4 2019,9:00p,Los Angeles Lakers,121,Utah Jazz,96,Box Score,,18306,
Wed Dec 4 2019,10:00p,Sacramento Kings,116,Portland Trail Blazers,127,Box Score,,19393,
Thu Dec 5 2019,7:00p,Philadelphia 76ers,113,Washington Wizards,119,Box Score,,16554,
Thu Dec 5 2019,7:30p,Denver Nuggets,129,New York Knicks,92,Box Score,,18171,
Thu Dec 5 2019,7:30p,Houston Rockets,119,Toronto Raptors,109,Box Score,,19800,
Thu Dec 5 2019,8:00p,Phoenix Suns,139,New Orleans Pelicans,132,Box Score,OT,15607,
Fri Dec 6 2019,7:00p,Brooklyn Nets,111,Charlotte Hornets,104,Box Score,,15075,
Fri Dec 6 2019,7:00p,Orlando Magic,93,Cleveland Cavaliers,87,Box Score,,18446,
Fri Dec 6 2019,7:00p,Indiana Pacers,101,Detroit Pistons,108,Box Score,,14894,
Fri Dec 6 2019,8:00p,Denver Nuggets,95,Boston Celtics,108,Box Score,,19156,
Fri Dec 6 2019,8:00p,Golden State Warriors,100,Chicago Bulls,98,Box Score,,18841,
Fri Dec 6 2019,8:00p,Washington Wizards,103,Miami Heat,112,Box Score,,19600,
Fri Dec 6 2019,8:00p,Minnesota Timberwolves,127,Oklahoma City Thunder,139,Box Score,OT,18203,
Fri Dec 6 2019,8:30p,Los Angeles Clippers,91,Milwaukee Bucks,119,Box Score,,17732,
Fri Dec 6 2019,8:30p,Sacramento Kings,104,San Antonio Spurs,105,Box Score,OT,18354,
Fri Dec 6 2019,10:30p,Los Angeles Lakers,136,Portland Trail Blazers,113,Box Score,,19912,
Sat Dec 7 2019,2:00p,New Orleans Pelicans,84,Dallas Mavericks,130,Box Score,,19456,
Sat Dec 7 2019,7:30p,Indiana Pacers,104,New York Knicks,103,Box Score,,19110,
Sat Dec 7 2019,7:30p,Cleveland Cavaliers,94,Philadelphia 76ers,141,Box Score,,20844,
Sat Dec 7 2019,8:00p,Phoenix Suns,109,Houston Rockets,115,Box Score,,18055,
Sat Dec 7 2019,10:00p,Memphis Grizzlies,112,Utah Jazz,126,Box Score,,18306,
Sun Dec 8 2019,3:00p,Denver Nuggets,102,Brooklyn Nets,105,Box Score,,16679,
Sun Dec 8 2019,5:00p,Atlanta Hawks,122,Charlotte Hornets,107,Box Score,,15489,
Sun Dec 8 2019,6:00p,Chicago Bulls,105,Miami Heat,110,Box Score,OT,19600,
Sun Dec 8 2019,6:00p,Toronto Raptors,104,Philadelphia 76ers,110,Box Score,,20313,
Sun Dec 8 2019,6:00p,Los Angeles Clippers,135,Washington Wizards,119,Box Score,,15946,
Sun Dec 8 2019,7:00p,Sacramento Kings,110,Dallas Mavericks,106,Box Score,,19566,
Sun Dec 8 2019,9:00p,Oklahoma City Thunder,108,Portland Trail Blazers,96,Box Score,,19393,
Sun Dec 8 2019,9:30p,Minnesota Timberwolves,125,Los Angeles Lakers,142,Box Score,,18997,
Mon Dec 9 2019,7:00p,Los Angeles Clippers,110,Indiana Pacers,99,Box Score,,14644,
Mon Dec 9 2019,7:30p,Cleveland Cavaliers,88,Boston Celtics,110,Box Score,,19156,
Mon Dec 9 2019,8:00p,Toronto Raptors,93,Chicago Bulls,92,Box Score,,14775,
Mon Dec 9 2019,8:00p,Sacramento Kings,119,Houston Rockets,118,Box Score,,18055,
Mon Dec 9 2019,8:00p,Orlando Magic,101,Milwaukee Bucks,110,Box Score,,17385,
Mon Dec 9 2019,8:00p,Detroit Pistons,105,New Orleans Pelicans,103,Box Score,,13694,
Mon Dec 9 2019,9:00p,Minnesota Timberwolves,109,Phoenix Suns,125,Box Score,,13230,
Mon Dec 9 2019,9:00p,Oklahoma City Thunder,104,Utah Jazz,90,Box Score,,18306,
Mon Dec 9 2019,10:30p,Memphis Grizzlies,110,Golden State Warriors,102,Box Score,,18064,
Tue Dec 10 2019,7:00p,Washington Wizards,107,Charlotte Hornets,114,Box Score,,10626,
Tue Dec 10 2019,8:00p,Atlanta Hawks,121,Miami Heat,135,Box Score,OT,19600,
Tue Dec 10 2019,8:00p,Denver Nuggets,92,Philadelphia 76ers,97,Box Score,,20591,
Tue Dec 10 2019,10:00p,New York Knicks,87,Portland Trail Blazers,115,Box Score,,19393,
Wed Dec 11 2019,7:00p,Houston Rockets,116,Cleveland Cavaliers,110,Box Score,,17122,
Wed Dec 11 2019,7:00p,Boston Celtics,117,Indiana Pacers,122,Box Score,,15637,
Wed Dec 11 2019,7:00p,Los Angeles Lakers,96,Orlando Magic,87,Box Score,,18846,
Wed Dec 11 2019,7:00p,Los Angeles Clippers,112,Toronto Raptors,92,Box Score,,20144,
Wed Dec 11 2019,7:30p,Charlotte Hornets,113,Brooklyn Nets,108,Box Score,,15631,
Wed Dec 11 2019,8:00p,Atlanta Hawks,102,Chicago Bulls,136,Box Score,,15084,
Wed Dec 11 2019,8:00p,Utah Jazz,127,Minnesota Timberwolves,116,Box Score,,12369,
Wed Dec 11 2019,9:00p,Memphis Grizzlies,115,Phoenix Suns,108,Box Score,,12254,
Wed Dec 11 2019,9:30p,New Orleans Pelicans,112,Milwaukee Bucks,127,Box Score,,17385,
Wed Dec 11 2019,10:00p,Oklahoma City Thunder,93,Sacramento Kings,94,Box Score,,16723,
Wed Dec 11 2019,10:30p,New York Knicks,124,Golden State Warriors,122,Box Score,OT,18064,
Thu Dec 12 2019,8:00p,Philadelphia 76ers,115,Boston Celtics,109,Box Score,,19156,
Thu Dec 12 2019,8:30p,Cleveland Cavaliers,117,San Antonio Spurs,109,Box Score,OT,18354,
Thu Dec 12 2019,9:00p,Dallas Mavericks,122,Detroit Pistons,111,Box Score,,20064,at Mexico City Mexico
Thu Dec 12 2019,10:30p,Portland Trail Blazers,99,Denver Nuggets,114,Box Score,,18828,
Fri Dec 13 2019,7:00p,Los Angeles Lakers,113,Miami Heat,110,Box Score,,20013,
Fri Dec 13 2019,7:00p,Houston Rockets,130,Orlando Magic,107,Box Score,,16335,
Fri Dec 13 2019,7:00p,New Orleans Pelicans,109,Philadelphia 76ers,116,Box Score,,20620,
Fri Dec 13 2019,7:30p,Indiana Pacers,110,Atlanta Hawks,100,Box Score,,15121,
Fri Dec 13 2019,8:00p,Charlotte Hornets,83,Chicago Bulls,73,Box Score,,18377,
Fri Dec 13 2019,8:00p,Milwaukee Bucks,127,Memphis Grizzlies,114,Box Score,,16109,
Fri Dec 13 2019,9:00p,Golden State Warriors,106,Utah Jazz,114,Box Score,,18306,
Fri Dec 13 2019,9:30p,Los Angeles Clippers,124,Minnesota Timberwolves,117,Box Score,,17585,
Fri Dec 13 2019,10:00p,New York Knicks,103,Sacramento Kings,101,Box Score,,17583,
Sat Dec 14 2019,5:00p,San Antonio Spurs,121,Phoenix Suns,119,Box Score,OT,20013,at Mexico City Mexico
Sat Dec 14 2019,7:30p,Brooklyn Nets,102,Toronto Raptors,110,Box Score,,19800,
Sat Dec 14 2019,8:00p,Los Angeles Clippers,106,Chicago Bulls,109,Box Score,,18426,
Sat Dec 14 2019,8:00p,Washington Wizards,111,Memphis Grizzlies,128,Box Score,,15631,
Sat Dec 14 2019,8:30p,Miami Heat,122,Dallas Mavericks,118,Box Score,OT,20333,
Sat Dec 14 2019,8:30p,Cleveland Cavaliers,108,Milwaukee Bucks,125,Box Score,,17481,
Sat Dec 14 2019,9:00p,Oklahoma City Thunder,102,Denver Nuggets,110,Box Score,,19520,
Sat Dec 14 2019,9:00p,Detroit Pistons,115,Houston Rockets,107,Box Score,,18055,
Sun Dec 15 2019,3:30p,Orlando Magic,130,New Orleans Pelicans,119,Box Score,,15388,
Sun Dec 15 2019,5:00p,Charlotte Hornets,85,Indiana Pacers,107,Box Score,,16061,
Sun Dec 15 2019,6:00p,Los Angeles Lakers,101,Atlanta Hawks,96,Box Score,,16962,
Sun Dec 15 2019,6:00p,Philadelphia 76ers,89,Brooklyn Nets,109,Box Score,,17732,
Sun Dec 15 2019,8:00p,New York Knicks,105,Denver Nuggets,111,Box Score,,18867,
Sun Dec 15 2019,8:30p,Sacramento Kings,100,Golden State Warriors,79,Box Score,,18064,
Mon Dec 16 2019,7:00p,Washington Wizards,133,Detroit Pistons,119,Box Score,,14632,
Mon Dec 16 2019,7:30p,Cleveland Cavaliers,113,Toronto Raptors,133,Box Score,,19800,
Mon Dec 16 2019,8:00p,San Antonio Spurs,107,Houston Rockets,109,Box Score,,18055,
Mon Dec 16 2019,8:00p,Miami Heat,111,Memphis Grizzlies,118,Box Score,,14021,
Mon Dec 16 2019,8:00p,Dallas Mavericks,120,Milwaukee Bucks,116,Box Score,,17727,
Mon Dec 16 2019,8:00p,Chicago Bulls,106,Oklahoma City Thunder,109,Box Score,,18203,
Mon Dec 16 2019,9:00p,Portland Trail Blazers,111,Phoenix Suns,110,Box Score,,14193,
Tue Dec 17 2019,7:00p,Sacramento Kings,102,Charlotte Hornets,110,Box Score,,13229,
Tue Dec 17 2019,7:00p,Los Angeles Lakers,102,Indiana Pacers,105,Box Score,,17923,
Tue Dec 17 2019,7:30p,Atlanta Hawks,120,New York Knicks,143,Box Score,,18268,
Tue Dec 17 2019,8:00p,Brooklyn Nets,108,New Orleans Pelicans,101,Box Score,OT,15177,
Tue Dec 17 2019,9:00p,Orlando Magic,102,Utah Jazz,109,Box Score,,18306,
Tue Dec 17 2019,10:30p,Phoenix Suns,99,Los Angeles Clippers,120,Box Score,,19068,
Wed Dec 18 2019,7:00p,Charlotte Hornets,98,Cleveland Cavaliers,100,Box Score,,17023,
Wed Dec 18 2019,7:00p,Toronto Raptors,112,Detroit Pistons,99,Box Score,,15319,
Wed Dec 18 2019,7:00p,Miami Heat,108,Philadelphia 76ers,104,Box Score,,20715,
Wed Dec 18 2019,7:00p,Chicago Bulls,110,Washington Wizards,109,Box Score,OT,14987,
Wed Dec 18 2019,8:00p,New Orleans Pelicans,107,Minnesota Timberwolves,99,Box Score,,12490,
Wed Dec 18 2019,8:00p,Memphis Grizzlies,122,Oklahoma City Thunder,126,Box Score,,18203,
Wed Dec 18 2019,9:00p,Orlando Magic,104,Denver Nuggets,113,Box Score,,18182,
Wed Dec 18 2019,9:30p,Boston Celtics,109,Dallas Mavericks,103,Box Score,,20181,
Wed Dec 18 2019,10:00p,Golden State Warriors,112,Portland Trail Blazers,122,Box Score,,19393,
Thu Dec 19 2019,7:30p,Utah Jazz,111,Atlanta Hawks,106,Box Score,,16739,
Thu Dec 19 2019,8:00p,Los Angeles Lakers,104,Milwaukee Bucks,111,Box Score,,18051,
Thu Dec 19 2019,8:30p,Brooklyn Nets,105,San Antonio Spurs,118,Box Score,,18354,
Thu Dec 19 2019,10:30p,Houston Rockets,122,Los Angeles Clippers,117,Box Score,,19068,
Fri Dec 20 2019,7:00p,Memphis Grizzlies,107,Cleveland Cavaliers,114,Box Score,,19432,
Fri Dec 20 2019,7:00p,Sacramento Kings,105,Indiana Pacers,119,Box Score,,14649,
Fri Dec 20 2019,7:30p,Detroit Pistons,93,Boston Celtics,114,Box Score,,19156,
Fri Dec 20 2019,7:30p,Washington Wizards,118,Toronto Raptors,122,Box Score,,19800,
Fri Dec 20 2019,8:00p,New York Knicks,114,Miami Heat,129,Box Score,,19704,
Fri Dec 20 2019,8:00p,Phoenix Suns,108,Oklahoma City Thunder,126,Box Score,,18203,
Fri Dec 20 2019,8:00p,Dallas Mavericks,117,Philadelphia 76ers,98,Box Score,,20778,
Fri Dec 20 2019,9:00p,Minnesota Timberwolves,100,Denver Nuggets,109,Box Score,,19520,
Fri Dec 20 2019,10:00p,Orlando Magic,103,Portland Trail Blazers,118,Box Score,,19393,
Fri Dec 20 2019,10:30p,New Orleans Pelicans,102,Golden State Warriors,106,Box Score,,18064,
Sat Dec 21 2019,5:00p,Utah Jazz,114,Charlotte Hornets,107,Box Score,,16187,
Sat Dec 21 2019,6:00p,Atlanta Hawks,112,Brooklyn Nets,122,Box Score,,16496,
Sat Dec 21 2019,7:00p,Chicago Bulls,119,Detroit Pistons,107,Box Score,,15948,
Sat Dec 21 2019,7:00p,Washington Wizards,108,Philadelphia 76ers,125,Box Score,,20529,
Sat Dec 21 2019,7:30p,Milwaukee Bucks,123,New York Knicks,102,Box Score,,18124,
Sat Dec 21 2019,8:00p,Sacramento Kings,115,Memphis Grizzlies,119,Box Score,,15603,
Sat Dec 21 2019,8:30p,Los Angeles Clippers,134,San Antonio Spurs,109,Box Score,,18354,
Sat Dec 21 2019,9:00p,Houston Rockets,139,Phoenix Suns,125,Box Score,,16061,
Sat Dec 21 2019,10:00p,Minnesota Timberwolves,106,Portland Trail Blazers,113,Box Score,,19393,
Sun Dec 22 2019,3:30p,Dallas Mavericks,107,Toronto Raptors,110,Box Score,,19800,
Sun Dec 22 2019,6:00p,Charlotte Hornets,93,Boston Celtics,119,Box Score,,19156,
Sun Dec 22 2019,7:00p,Indiana Pacers,89,Milwaukee Bucks,117,Box Score,,18029,
Sun Dec 22 2019,7:00p,Los Angeles Clippers,112,Oklahoma City Thunder,118,Box Score,,18203,
Sun Dec 22 2019,9:30p,Denver Nuggets,128,Los Angeles Lakers,104,Box Score,,18997,
Mon Dec 23 2019,7:00p,Atlanta Hawks,118,Cleveland Cavaliers,121,Box Score,,18007,
Mon Dec 23 2019,7:00p,Philadelphia 76ers,125,Detroit Pistons,109,Box Score,,16476,
Mon Dec 23 2019,7:00p,Toronto Raptors,115,Indiana Pacers,120,Box Score,OT,17164,
Mon Dec 23 2019,7:00p,Washington Wizards,121,New York Knicks,115,Box Score,,19413,
Mon Dec 23 2019,7:00p,Chicago Bulls,95,Orlando Magic,103,Box Score,,18846,
Mon Dec 23 2019,7:30p,Utah Jazz,104,Miami Heat,107,Box Score,,19890,
Mon Dec 23 2019,8:00p,San Antonio Spurs,145,Memphis Grizzlies,115,Box Score,,16776,
Mon Dec 23 2019,9:00p,Denver Nuggets,113,Phoenix Suns,111,Box Score,,16041,
Mon Dec 23 2019,10:00p,New Orleans Pelicans,102,Portland Trail Blazers,94,Box Score,,19499,
Mon Dec 23 2019,10:00p,Houston Rockets,113,Sacramento Kings,104,Box Score,,17583,
Mon Dec 23 2019,10:30p,Minnesota Timberwolves,104,Golden State Warriors,113,Box Score,,18064,
Wed Dec 25 2019,12:00p,Boston Celtics,118,Toronto Raptors,102,Box Score,,19800,
Wed Dec 25 2019,2:30p,Milwaukee Bucks,109,Philadelphia 76ers,121,Box Score,,21028,
Wed Dec 25 2019,5:00p,Houston Rockets,104,Golden State Warriors,116,Box Score,,18064,
Wed Dec 25 2019,8:00p,Los Angeles Clippers,111,Los Angeles Lakers,106,Box Score,,18997,
Wed Dec 25 2019,10:30p,New Orleans Pelicans,112,Denver Nuggets,100,Box Score,,19520,
Thu Dec 26 2019,7:00p,Washington Wizards,102,Detroit Pistons,132,Box Score,,17188,
Thu Dec 26 2019,7:30p,New York Knicks,94,Brooklyn Nets,82,Box Score,,17732,
Thu Dec 26 2019,8:00p,San Antonio Spurs,98,Dallas Mavericks,102,Box Score,,20427,
Thu Dec 26 2019,8:00p,Memphis Grizzlies,110,Oklahoma City Thunder,97,Box Score,,18203,
Thu Dec 26 2019,10:00p,Minnesota Timberwolves,105,Sacramento Kings,104,Box Score,2OT,17583,
Thu Dec 26 2019,10:30p,Portland Trail Blazers,115,Utah Jazz,121,Box Score,,18306,
Fri Dec 27 2019,4:00p,Cleveland Cavaliers,117,Boston Celtics,129,Box Score,,19156,
Fri Dec 27 2019,7:00p,Oklahoma City Thunder,104,Charlotte Hornets,102,Box Score,OT,18418,
Fri Dec 27 2019,7:00p,Philadelphia 76ers,97,Orlando Magic,98,Box Score,,17311,
Fri Dec 27 2019,7:30p,Milwaukee Bucks,112,Atlanta Hawks,86,Box Score,,17358,
Fri Dec 27 2019,8:00p,Indiana Pacers,112,Miami Heat,113,Box Score,,19767,
Fri Dec 27 2019,10:30p,Phoenix Suns,96,Golden State Warriors,105,Box Score,,18064,
Sat Dec 28 2019,5:00p,Memphis Grizzlies,110,Denver Nuggets,119,Box Score,,19697,
Sat Dec 28 2019,7:00p,Toronto Raptors,113,Boston Celtics,97,Box Score,,19156,
Sat Dec 28 2019,7:00p,Indiana Pacers,98,New Orleans Pelicans,120,Box Score,,15391,
Sat Dec 28 2019,8:00p,Atlanta Hawks,81,Chicago Bulls,116,Box Score,,21496,
Sat Dec 28 2019,8:00p,Brooklyn Nets,98,Houston Rockets,108,Box Score,,18306,
Sat Dec 28 2019,8:00p,Philadelphia 76ers,116,Miami Heat,117,Box Score,OT,19865,
Sat Dec 28 2019,8:00p,Cleveland Cavaliers,94,Minnesota Timberwolves,88,Box Score,,15411,
Sat Dec 28 2019,8:00p,New York Knicks,107,Washington Wizards,100,Box Score,,19033,
Sat Dec 28 2019,8:30p,Dallas Mavericks,141,Golden State Warriors,121,Box Score,,18064,
Sat Dec 28 2019,8:30p,Orlando Magic,100,Milwaukee Bucks,111,Box Score,,17920,
Sat Dec 28 2019,8:30p,Detroit Pistons,109,San Antonio Spurs,136,Box Score,,18524,
Sat Dec 28 2019,9:00p,Phoenix Suns,112,Sacramento Kings,110,Box Score,,17583,
Sat Dec 28 2019,10:00p,Los Angeles Lakers,128,Portland Trail Blazers,120,Box Score,,19960,
Sat Dec 28 2019,10:30p,Utah Jazz,120,Los Angeles Clippers,107,Box Score,,19068,
Sun Dec 29 2019,6:00p,Oklahoma City Thunder,98,Toronto Raptors,97,Box Score,,19800,
Sun Dec 29 2019,8:00p,Sacramento Kings,115,Denver Nuggets,120,Box Score,,19520,
Sun Dec 29 2019,8:00p,Charlotte Hornets,104,Memphis Grizzlies,117,Box Score,,16842,
Sun Dec 29 2019,8:00p,Houston Rockets,112,New Orleans Pelicans,127,Box Score,,17712,
Sun Dec 29 2019,9:30p,Dallas Mavericks,95,Los Angeles Lakers,108,Box Score,,18997,
Mon Dec 30 2019,7:00p,Atlanta Hawks,101,Orlando Magic,93,Box Score,,17784,
Mon Dec 30 2019,7:00p,Miami Heat,105,Washington Wizards,123,Box Score,,20476,
Mon Dec 30 2019,8:00p,Milwaukee Bucks,123,Chicago Bulls,102,Box Score,,21954,
Mon Dec 30 2019,8:00p,Brooklyn Nets,115,Minnesota Timberwolves,122,Box Score,OT,15824,
Mon Dec 30 2019,9:00p,Detroit Pistons,81,Utah Jazz,104,Box Score,,18306,
Mon Dec 30 2019,10:00p,Phoenix Suns,122,Portland Trail Blazers,116,Box Score,,19896,
Tue Dec 31 2019,3:00p,Boston Celtics,109,Charlotte Hornets,92,Box Score,,19216,
Tue Dec 31 2019,3:00p,Philadelphia 76ers,97,Indiana Pacers,115,Box Score,,17923,
Tue Dec 31 2019,5:00p,Los Angeles Clippers,105,Sacramento Kings,87,Box Score,,16231,
Tue Dec 31 2019,7:00p,Denver Nuggets,104,Houston Rockets,130,Box Score,,18055,
Tue Dec 31 2019,7:00p,Golden State Warriors,113,San Antonio Spurs,117,Box Score,OT,18354,
Tue Dec 31 2019,7:00p,Cleveland Cavaliers,97,Toronto Raptors,117,Box Score,,19800,
Tue Dec 31 2019,8:00p,Dallas Mavericks,101,Oklahoma City Thunder,106,Box Score,,18203,
Wed Jan 1 2020,6:00p,Orlando Magic,122,Washington Wizards,101,Box Score,,14921,
Wed Jan 1 2020,7:30p,Portland Trail Blazers,93,New York Knicks,117,Box Score,,19812,
Wed Jan 1 2020,8:00p,Minnesota Timberwolves,104,Milwaukee Bucks,106,Box Score,,17819,
Wed Jan 1 2020,10:30p,Phoenix Suns,107,Los Angeles Lakers,117,Box Score,,18997,
Thu Jan 2 2020,7:00p,Charlotte Hornets,109,Cleveland Cavaliers,106,Box Score,,17859,
Thu Jan 2 2020,7:00p,Denver Nuggets,124,Indiana Pacers,116,Box Score,,16688,
Thu Jan 2 2020,7:30p,Toronto Raptors,76,Miami Heat,84,Box Score,,19939,
Thu Jan 2 2020,8:00p,Utah Jazz,102,Chicago Bulls,98,Box Score,,19398,
Thu Jan 2 2020,8:00p,Golden State Warriors,84,Minnesota Timberwolves,99,Box Score,,15477,
Thu Jan 2 2020,8:30p,Brooklyn Nets,111,Dallas Mavericks,123,Box Score,,20289,
Thu Jan 2 2020,8:30p,Oklahoma City Thunder,109,San Antonio Spurs,103,Box Score,,18354,
Thu Jan 2 2020,10:00p,Memphis Grizzlies,123,Sacramento Kings,128,Box Score,,17351,
Thu Jan 2 2020,10:30p,Detroit Pistons,112,Los Angeles Clippers,126,Box Score,,19068,
Fri Jan 3 2020,7:00p,Atlanta Hawks,106,Boston Celtics,109,Box Score,,19156,
Fri Jan 3 2020,7:00p,Miami Heat,85,Orlando Magic,105,Box Score,,17198,
Fri Jan 3 2020,7:00p,Portland Trail Blazers,122,Washington Wizards,103,Box Score,,17945,
Fri Jan 3 2020,8:00p,Philadelphia 76ers,108,Houston Rockets,118,Box Score,,18055,
Fri Jan 3 2020,9:00p,New York Knicks,112,Phoenix Suns,120,Box Score,,18055,
Fri Jan 3 2020,10:30p,New Orleans Pelicans,113,Los Angeles Lakers,123,Box Score,,18997,
Sat Jan 4 2020,3:30p,Memphis Grizzlies,140,Los Angeles Clippers,114,Box Score,,19068,
Sat Jan 4 2020,6:00p,Toronto Raptors,121,Brooklyn Nets,102,Box Score,,17732,
Sat Jan 4 2020,7:00p,Utah Jazz,109,Orlando Magic,96,Box Score,,16913,
Sat Jan 4 2020,7:30p,Indiana Pacers,111,Atlanta Hawks,116,Box Score,,16420,
Sat Jan 4 2020,7:30p,Oklahoma City Thunder,121,Cleveland Cavaliers,106,Box Score,,19432,
Sat Jan 4 2020,8:00p,Boston Celtics,111,Chicago Bulls,104,Box Score,,21130,
Sat Jan 4 2020,8:00p,Denver Nuggets,114,Washington Wizards,128,Box Score,,16233,
Sat Jan 4 2020,8:30p,Charlotte Hornets,123,Dallas Mavericks,120,Box Score,OT,20327,
Sat Jan 4 2020,8:30p,Detroit Pistons,111,Golden State Warriors,104,Box Score,,18064,
Sat Jan 4 2020,8:30p,San Antonio Spurs,118,Milwaukee Bucks,127,Box Score,,18002,
Sat Jan 4 2020,10:00p,New Orleans Pelicans,117,Sacramento Kings,115,Box Score,,16808,
Sun Jan 5 2020,3:30p,New York Knicks,132,Los Angeles Clippers,135,Box Score,,19068,
Sun Jan 5 2020,6:00p,Portland Trail Blazers,111,Miami Heat,122,Box Score,,19846,
Sun Jan 5 2020,7:30p,Minnesota Timberwolves,118,Cleveland Cavaliers,103,Box Score,,16159,
Sun Jan 5 2020,8:00p,Memphis Grizzlies,121,Phoenix Suns,114,Box Score,,14181,
Sun Jan 5 2020,10:00p,Detroit Pistons,99,Los Angeles Lakers,106,Box Score,,18997,
Mon Jan 6 2020,7:00p,Indiana Pacers,115,Charlotte Hornets,104,Box Score,,13009,
Mon Jan 6 2020,7:00p,Brooklyn Nets,89,Orlando Magic,101,Box Score,,15008,
Mon Jan 6 2020,7:00p,Oklahoma City Thunder,113,Philadelphia 76ers,120,Box Score,,20561,
Mon Jan 6 2020,7:00p,Boston Celtics,94,Washington Wizards,99,Box Score,,17963,
Mon Jan 6 2020,7:30p,Denver Nuggets,123,Atlanta Hawks,115,Box Score,,15286,
Mon Jan 6 2020,8:00p,Utah Jazz,128,New Orleans Pelicans,126,Box Score,,14138,
Mon Jan 6 2020,8:30p,Chicago Bulls,110,Dallas Mavericks,118,Box Score,,20238,
Mon Jan 6 2020,8:30p,Milwaukee Bucks,104,San Antonio Spurs,126,Box Score,,18354,
Mon Jan 6 2020,10:00p,Golden State Warriors,98,Sacramento Kings,111,Box Score,,15819,
Tue Jan 7 2020,7:00p,Detroit Pistons,115,Cleveland Cavaliers,113,Box Score,,17274,
Tue Jan 7 2020,7:00p,Portland Trail Blazers,101,Toronto Raptors,99,Box Score,,19800,
Tue Jan 7 2020,7:30p,Oklahoma City Thunder,111,Brooklyn Nets,103,Box Score,OT,15677,
Tue Jan 7 2020,8:00p,Minnesota Timberwolves,112,Memphis Grizzlies,119,Box Score,,14117,
Tue Jan 7 2020,9:00p,Sacramento Kings,114,Phoenix Suns,103,Box Score,,14134,
Tue Jan 7 2020,10:30p,New York Knicks,87,Los Angeles Lakers,117,Box Score,,18997,
Wed Jan 8 2020,7:00p,San Antonio Spurs,129,Boston Celtics,114,Box Score,,19156,
Wed Jan 8 2020,7:00p,Toronto Raptors,112,Charlotte Hornets,110,Box Score,OT,13965,
Wed Jan 8 2020,7:00p,Miami Heat,122,Indiana Pacers,108,Box Score,,17040,
Wed Jan 8 2020,7:00p,Washington Wizards,89,Orlando Magic,123,Box Score,,16013,
Wed Jan 8 2020,7:30p,Houston Rockets,122,Atlanta Hawks,115,Box Score,,16514,
Wed Jan 8 2020,7:30p,Denver Nuggets,107,Dallas Mavericks,106,Box Score,,20314,
Wed Jan 8 2020,8:00p,Chicago Bulls,108,New Orleans Pelicans,123,Box Score,,15324,
Wed Jan 8 2020,9:00p,New York Knicks,104,Utah Jazz,128,Box Score,,18306,
Wed Jan 8 2020,10:00p,Milwaukee Bucks,107,Golden State Warriors,98,Box Score,,18064,
Thu Jan 9 2020,7:00p,Cleveland Cavaliers,115,Detroit Pistons,112,Box Score,OT,13445,
Thu Jan 9 2020,7:00p,Boston Celtics,98,Philadelphia 76ers,109,Box Score,,20822,
Thu Jan 9 2020,8:00p,Portland Trail Blazers,102,Minnesota Timberwolves,116,Box Score,,13720,
Thu Jan 9 2020,9:30p,Houston Rockets,92,Oklahoma City Thunder,113,Box Score,,18203,
Fri Jan 10 2020,7:00p,Atlanta Hawks,101,Washington Wizards,111,Box Score,,16360,
Fri Jan 10 2020,7:15p,New Orleans Pelicans,123,New York Knicks,111,Box Score,,18003,
Fri Jan 10 2020,7:30p,Miami Heat,113,Brooklyn Nets,117,Box Score,,16011,
Fri Jan 10 2020,8:00p,Indiana Pacers,116,Chicago Bulls,105,Box Score,,20229,
Fri Jan 10 2020,8:00p,San Antonio Spurs,121,Memphis Grizzlies,134,Box Score,,16448,
Fri Jan 10 2020,9:00p,Orlando Magic,94,Phoenix Suns,98,Box Score,,14562,
Fri Jan 10 2020,9:00p,Charlotte Hornets,92,Utah Jazz,109,Box Score,,18306,
Fri Jan 10 2020,9:45p,Los Angeles Lakers,129,Dallas Mavericks,114,Box Score,,20542,
Fri Jan 10 2020,10:00p,Milwaukee Bucks,127,Sacramento Kings,106,Box Score,,17583,
Fri Jan 10 2020,10:30p,Golden State Warriors,100,Los Angeles Clippers,109,Box Score,,19068,
Sat Jan 11 2020,5:00p,Minnesota Timberwolves,109,Houston Rockets,139,Box Score,,18055,
Sat Jan 11 2020,7:00p,New Orleans Pelicans,105,Boston Celtics,140,Box Score,,19156,
Sat Jan 11 2020,7:00p,Chicago Bulls,108,Detroit Pistons,99,Box Score,,15951,
Sat Jan 11 2020,8:00p,Los Angeles Lakers,125,Oklahoma City Thunder,110,Box Score,,18203,
Sat Jan 11 2020,8:30p,Philadelphia 76ers,91,Dallas Mavericks,109,Box Score,,20244,
Sat Jan 11 2020,9:00p,Cleveland Cavaliers,111,Denver Nuggets,103,Box Score,,19533,
Sat Jan 11 2020,10:00p,Milwaukee Bucks,122,Portland Trail Blazers,101,Box Score,,19843,
Sun Jan 12 2020,3:30p,Miami Heat,121,New York Knicks,124,Box Score,,18861,
Sun Jan 12 2020,3:30p,Utah Jazz,127,Washington Wizards,116,Box Score,,15953,
Sun Jan 12 2020,6:00p,Atlanta Hawks,86,Brooklyn Nets,108,Box Score,,15201,
Sun Jan 12 2020,6:00p,Golden State Warriors,102,Memphis Grizzlies,122,Box Score,,16408,
Sun Jan 12 2020,6:00p,San Antonio Spurs,105,Toronto Raptors,104,Box Score,,19800,
Sun Jan 12 2020,8:00p,Los Angeles Clippers,104,Denver Nuggets,114,Box Score,,19520,
Sun Jan 12 2020,8:00p,Charlotte Hornets,92,Phoenix Suns,100,Box Score,,14751,
Mon Jan 13 2020,7:00p,New Orleans Pelicans,117,Detroit Pistons,110,Box Score,OT,13780,
Mon Jan 13 2020,7:00p,Philadelphia 76ers,95,Indiana Pacers,101,Box Score,,15257,
Mon Jan 13 2020,7:30p,Chicago Bulls,101,Boston Celtics,113,Box Score,,19156,
Mon Jan 13 2020,8:00p,Oklahoma City Thunder,117,Minnesota Timberwolves,104,Box Score,,11044,
Mon Jan 13 2020,10:00p,Charlotte Hornets,112,Portland Trail Blazers,115,Box Score,,19111,
Mon Jan 13 2020,10:00p,Orlando Magic,114,Sacramento Kings,112,Box Score,,16299,
Mon Jan 13 2020,10:30p,Cleveland Cavaliers,99,Los Angeles Lakers,128,Box Score,,18997,
Tue Jan 14 2020,7:30p,Phoenix Suns,110,Atlanta Hawks,123,Box Score,,16060,
Tue Jan 14 2020,7:30p,Utah Jazz,118,Brooklyn Nets,107,Box Score,,15381,
Tue Jan 14 2020,8:00p,Houston Rockets,110,Memphis Grizzlies,121,Box Score,,16181,
Tue Jan 14 2020,8:00p,New York Knicks,102,Milwaukee Bucks,128,Box Score,,17590,
Tue Jan 14 2020,10:30p,Dallas Mavericks,124,Golden State Warriors,97,Box Score,,18064,
Tue Jan 14 2020,10:30p,Cleveland Cavaliers,103,Los Angeles Clippers,128,Box Score,,19068,
Wed Jan 15 2020,7:00p,Detroit Pistons,116,Boston Celtics,103,Box Score,,19156,
Wed Jan 15 2020,7:00p,Brooklyn Nets,106,Philadelphia 76ers,117,Box Score,,20416,
Wed Jan 15 2020,7:30p,San Antonio Spurs,100,Miami Heat,106,Box Score,,19704,
Wed Jan 15 2020,8:00p,Washington Wizards,106,Chicago Bulls,115,Box Score,,19382,
Wed Jan 15 2020,8:00p,Indiana Pacers,104,Minnesota Timberwolves,99,Box Score,,12648,
Wed Jan 15 2020,8:00p,Toronto Raptors,130,Oklahoma City Thunder,121,Box Score,,18203,
Wed Jan 15 2020,9:00p,Charlotte Hornets,86,Denver Nuggets,100,Box Score,,19520,
Wed Jan 15 2020,9:30p,Portland Trail Blazers,117,Houston Rockets,107,Box Score,,18055,
Wed Jan 15 2020,10:00p,Dallas Mavericks,127,Sacramento Kings,123,Box Score,,17029,
Wed Jan 15 2020,10:30p,Orlando Magic,119,Los Angeles Lakers,118,Box Score,,18997,
Thu Jan 16 2020,7:30p,Phoenix Suns,121,New York Knicks,98,Box Score,,18215,
Thu Jan 16 2020,8:00p,Boston Celtics,123,Milwaukee Bucks,128,Box Score,,17873,
Thu Jan 16 2020,8:00p,Utah Jazz,132,New Orleans Pelicans,138,Box Score,OT,16717,
Thu Jan 16 2020,10:30p,Denver Nuggets,134,Golden State Warriors,131,Box Score,OT,18064,
Thu Jan 16 2020,10:30p,Orlando Magic,95,Los Angeles Clippers,122,Box Score,,19068,
Fri Jan 17 2020,7:00p,Minnesota Timberwolves,114,Indiana Pacers,116,Box Score,,16248,
Fri Jan 17 2020,7:00p,Chicago Bulls,89,Philadelphia 76ers,100,Box Score,,20919,
Fri Jan 17 2020,7:00p,Washington Wizards,111,Toronto Raptors,140,Box Score,,19800,
Fri Jan 17 2020,8:00p,Cleveland Cavaliers,109,Memphis Grizzlies,113,Box Score,,17102,
Fri Jan 17 2020,8:00p,Miami Heat,115,Oklahoma City Thunder,108,Box Score,,18203,
Fri Jan 17 2020,8:30p,Atlanta Hawks,121,San Antonio Spurs,120,Box Score,,18354,
Fri Jan 17 2020,9:30p,Portland Trail Blazers,112,Dallas Mavericks,120,Box Score,,20283,
Sat Jan 18 2020,3:30p,Los Angeles Clippers,133,New Orleans Pelicans,130,Box Score,,17959,
Sat Jan 18 2020,6:00p,Milwaukee Bucks,117,Brooklyn Nets,97,Box Score,,17732,
Sat Jan 18 2020,7:00p,Phoenix Suns,123,Boston Celtics,119,Box Score,,19156,
Sat Jan 18 2020,7:30p,Detroit Pistons,136,Atlanta Hawks,103,Box Score,,17056,
Sat Jan 18 2020,7:30p,Philadelphia 76ers,90,New York Knicks,87,Box Score,,17812,
Sat Jan 18 2020,8:00p,Cleveland Cavaliers,116,Chicago Bulls,118,Box Score,,19939,
Sat Jan 18 2020,8:00p,Toronto Raptors,122,Minnesota Timberwolves,112,Box Score,,16520,
Sat Jan 18 2020,8:30p,Orlando Magic,95,Golden State Warriors,109,Box Score,,18064,
Sat Jan 18 2020,8:30p,Los Angeles Lakers,124,Houston Rockets,115,Box Score,,18502,
Sat Jan 18 2020,9:00p,Portland Trail Blazers,106,Oklahoma City Thunder,119,Box Score,,18203,
Sat Jan 18 2020,9:00p,Sacramento Kings,101,Utah Jazz,123,Box Score,,18306,
Sun Jan 19 2020,3:00p,Miami Heat,102,San Antonio Spurs,107,Box Score,,18422,
Sun Jan 19 2020,8:00p,Indiana Pacers,115,Denver Nuggets,107,Box Score,,19520,
Mon Jan 20 2020,2:00p,Detroit Pistons,100,Washington Wizards,106,Box Score,,17305,
Mon Jan 20 2020,2:30p,Toronto Raptors,122,Atlanta Hawks,117,Box Score,,17300,
Mon Jan 20 2020,3:00p,Philadelphia 76ers,117,Brooklyn Nets,111,Box Score,,16801,
Mon Jan 20 2020,5:00p,Orlando Magic,106,Charlotte Hornets,83,Box Score,,16133,
Mon Jan 20 2020,5:00p,New York Knicks,106,Cleveland Cavaliers,86,Box Score,,17133,
Mon Jan 20 2020,5:00p,Oklahoma City Thunder,112,Houston Rockets,107,Box Score,,18055,
Mon Jan 20 2020,5:00p,New Orleans Pelicans,126,Memphis Grizzlies,116,Box Score,,17794,
Mon Jan 20 2020,5:00p,Sacramento Kings,113,Miami Heat,118,Box Score,OT,19600,
Mon Jan 20 2020,5:00p,Chicago Bulls,98,Milwaukee Bucks,111,Box Score,,17747,
Mon Jan 20 2020,7:30p,Los Angeles Lakers,107,Boston Celtics,139,Box Score,,19156,
Mon Jan 20 2020,8:00p,Denver Nuggets,107,Minnesota Timberwolves,100,Box Score,,12172,
Mon Jan 20 2020,9:00p,San Antonio Spurs,120,Phoenix Suns,118,Box Score,,14847,
Mon Jan 20 2020,9:00p,Indiana Pacers,88,Utah Jazz,118,Box Score,,18306,
Mon Jan 20 2020,10:00p,Golden State Warriors,124,Portland Trail Blazers,129,Box Score,OT,19493,
Tue Jan 21 2020,8:30p,Los Angeles Clippers,110,Dallas Mavericks,107,Box Score,,19783,
Wed Jan 22 2020,7:00p,Sacramento Kings,106,Detroit Pistons,127,Box Score,,13972,
Wed Jan 22 2020,7:00p,Oklahoma City Thunder,120,Orlando Magic,114,Box Score,,18846,
Wed Jan 22 2020,7:00p,Philadelphia 76ers,95,Toronto Raptors,107,Box Score,,19800,
Wed Jan 22 2020,7:30p,Los Angeles Clippers,95,Atlanta Hawks,102,Box Score,,14338,
Wed Jan 22 2020,7:30p,Memphis Grizzlies,95,Boston Celtics,119,Box Score,,19156,
Wed Jan 22 2020,7:30p,Washington Wizards,129,Miami Heat,134,Box Score,OT,19600,
Wed Jan 22 2020,7:30p,Los Angeles Lakers,100,New York Knicks,92,Box Score,,19812,
Wed Jan 22 2020,8:00p,Minnesota Timberwolves,110,Chicago Bulls,117,Box Score,,18875,
Wed Jan 22 2020,8:00p,Denver Nuggets,105,Houston Rockets,121,Box Score,,18055,
Wed Jan 22 2020,9:00p,Indiana Pacers,112,Phoenix Suns,87,Box Score,,14691,
Wed Jan 22 2020,9:30p,San Antonio Spurs,121,New Orleans Pelicans,117,Box Score,,18365,
Wed Jan 22 2020,10:00p,Utah Jazz,129,Golden State Warriors,96,Box Score,,18064,
Thu Jan 23 2020,7:00p,Washington Wizards,124,Cleveland Cavaliers,112,Box Score,,16689,
Thu Jan 23 2020,8:00p,Los Angeles Lakers,128,Brooklyn Nets,113,Box Score,,17732,
Thu Jan 23 2020,10:30p,Dallas Mavericks,133,Portland Trail Blazers,125,Box Score,,19574,
Fri Jan 24 2020,3:00p,Milwaukee Bucks,116,Charlotte Hornets,103,Box Score,,15758,at Paris France
Fri Jan 24 2020,7:00p,Memphis Grizzlies,125,Detroit Pistons,112,Box Score,,14583,
Fri Jan 24 2020,7:00p,Boston Celtics,109,Orlando Magic,98,Box Score,,18846,
Fri Jan 24 2020,7:30p,Toronto Raptors,118,New York Knicks,112,Box Score,,18883,
Fri Jan 24 2020,8:00p,Sacramento Kings,98,Chicago Bulls,81,Box Score,,17661,
Fri Jan 24 2020,8:00p,Los Angeles Clippers,122,Miami Heat,117,Box Score,,19632,
Fri Jan 24 2020,8:00p,Houston Rockets,131,Minnesota Timberwolves,124,Box Score,,16101,
Fri Jan 24 2020,8:00p,Denver Nuggets,113,New Orleans Pelicans,106,Box Score,,16398,
Fri Jan 24 2020,8:00p,Atlanta Hawks,111,Oklahoma City Thunder,140,Box Score,,18203,
Fri Jan 24 2020,8:30p,Phoenix Suns,103,San Antonio Spurs,99,Box Score,,18354,
Fri Jan 24 2020,10:30p,Indiana Pacers,129,Golden State Warriors,118,Box Score,,18064,
Sat Jan 25 2020,5:00p,Dallas Mavericks,107,Utah Jazz,112,Box Score,,18306,
Sat Jan 25 2020,7:00p,Brooklyn Nets,121,Detroit Pistons,111,Box Score,OT,15890,
Sat Jan 25 2020,8:00p,Chicago Bulls,118,Cleveland Cavaliers,106,Box Score,,19432,
Sat Jan 25 2020,8:00p,Oklahoma City Thunder,113,Minnesota Timberwolves,104,Box Score,,16236,
Sat Jan 25 2020,8:30p,Los Angeles Lakers,91,Philadelphia 76ers,108,Box Score,,21109,
Sun Jan 26 2020,3:30p,Houston Rockets,110,Denver Nuggets,117,Box Score,,19520,
Sun Jan 26 2020,4:00p,Toronto Raptors,110,San Antonio Spurs,106,Box Score,,18354,
Sun Jan 26 2020,6:00p,Washington Wizards,133,Atlanta Hawks,152,Box Score,,15567,
Sun Jan 26 2020,6:00p,Phoenix Suns,109,Memphis Grizzlies,114,Box Score,,17214,
Sun Jan 26 2020,6:00p,Boston Celtics,108,New Orleans Pelicans,123,Box Score,,16737,
Sun Jan 26 2020,6:00p,Brooklyn Nets,97,New York Knicks,110,Box Score,,17831,
Sun Jan 26 2020,6:00p,Los Angeles Clippers,112,Orlando Magic,97,Box Score,,15427,
Sun Jan 26 2020,9:00p,Indiana Pacers,129,Portland Trail Blazers,139,Box Score,,19663,
Mon Jan 27 2020,7:00p,Cleveland Cavaliers,115,Detroit Pistons,100,Box Score,,12597,
Mon Jan 27 2020,7:30p,Orlando Magic,92,Miami Heat,113,Box Score,,19600,
Mon Jan 27 2020,8:00p,San Antonio Spurs,109,Chicago Bulls,110,Box Score,,16071,
Mon Jan 27 2020,8:00p,Sacramento Kings,133,Minnesota Timberwolves,129,Box Score,OT,13449,
Mon Jan 27 2020,8:00p,Dallas Mavericks,107,Oklahoma City Thunder,97,Box Score,,18203,
Mon Jan 27 2020,9:00p,Houston Rockets,126,Utah Jazz,117,Box Score,,18306,
Tue Jan 28 2020,7:00p,New York Knicks,92,Charlotte Hornets,97,Box Score,,14342,
Tue Jan 28 2020,7:00p,Golden State Warriors,104,Philadelphia 76ers,115,Box Score,,20854,
Tue Jan 28 2020,7:30p,New Orleans Pelicans,125,Cleveland Cavaliers,111,Box Score,,19432,
Tue Jan 28 2020,7:30p,Atlanta Hawks,114,Toronto Raptors,130,Box Score,,19800,
Tue Jan 28 2020,8:00p,Denver Nuggets,96,Memphis Grizzlies,104,Box Score,,14365,
Tue Jan 28 2020,8:00p,Boston Celtics,109,Miami Heat,101,Box Score,,19704,
Tue Jan 28 2020,8:00p,Washington Wizards,131,Milwaukee Bucks,151,Box Score,,17681,
Tue Jan 28 2020,8:30p,Phoenix Suns,133,Dallas Mavericks,104,Box Score,,20216,
Wed Jan 29 2020,7:00p,Chicago Bulls,106,Indiana Pacers,115,Box Score,OT,17923,
Wed Jan 29 2020,7:30p,Detroit Pistons,115,Brooklyn Nets,125,Box Score,,14275,
Wed Jan 29 2020,7:30p,Memphis Grizzlies,127,New York Knicks,106,Box Score,,18768,
Wed Jan 29 2020,8:30p,Utah Jazz,120,San Antonio Spurs,127,Box Score,,17887,
Wed Jan 29 2020,10:00p,Houston Rockets,112,Portland Trail Blazers,125,Box Score,,19393,
Wed Jan 29 2020,10:00p,Oklahoma City Thunder,120,Sacramento Kings,100,Box Score,,16935,
Thu Jan 30 2020,7:00p,Toronto Raptors,115,Cleveland Cavaliers,109,Box Score,,17695,
Thu Jan 30 2020,7:00p,Charlotte Hornets,107,Washington Wizards,121,Box Score,,15013,
Thu Jan 30 2020,7:30p,Philadelphia 76ers,117,Atlanta Hawks,127,Box Score,,15227,
Thu Jan 30 2020,8:00p,Golden State Warriors,104,Boston Celtics,119,Box Score,,19156,
Thu Jan 30 2020,10:30p,Utah Jazz,100,Denver Nuggets,106,Box Score,,19520,
Thu Jan 30 2020,10:30p,Sacramento Kings,124,Los Angeles Clippers,103,Box Score,,19068,
Fri Jan 31 2020,7:00p,Toronto Raptors,105,Detroit Pistons,92,Box Score,,17356,
Fri Jan 31 2020,7:30p,Chicago Bulls,118,Brooklyn Nets,133,Box Score,,17732,
Fri Jan 31 2020,7:30p,Dallas Mavericks,121,Houston Rockets,128,Box Score,,18055,
Fri Jan 31 2020,8:00p,Memphis Grizzlies,111,New Orleans Pelicans,139,Box Score,,18362,
Fri Jan 31 2020,9:00p,Denver Nuggets,127,Milwaukee Bucks,115,Box Score,,18141,
Fri Jan 31 2020,9:00p,Oklahoma City Thunder,111,Phoenix Suns,107,Box Score,,17260,
Fri Jan 31 2020,10:30p,Portland Trail Blazers,127,Los Angeles Lakers,119,Box Score,,18997,
Sat Feb 1 2020,3:30p,Minnesota Timberwolves,106,Los Angeles Clippers,118,Box Score,,19068,
Sat Feb 1 2020,7:00p,New York Knicks,92,Indiana Pacers,85,Box Score,,17923,
Sat Feb 1 2020,7:00p,Miami Heat,102,Orlando Magic,89,Box Score,,18846,
Sat Feb 1 2020,8:00p,Golden State Warriors,131,Cleveland Cavaliers,112,Box Score,,18410,
Sat Feb 1 2020,8:00p,Brooklyn Nets,107,Washington Wizards,113,Box Score,,18196,
Sat Feb 1 2020,8:30p,Philadelphia 76ers,95,Boston Celtics,116,Box Score,,19156,
Sat Feb 1 2020,8:30p,Atlanta Hawks,100,Dallas Mavericks,123,Box Score,,20328,
Sat Feb 1 2020,9:00p,Charlotte Hornets,90,San Antonio Spurs,114,Box Score,,18615,
Sat Feb 1 2020,10:00p,Los Angeles Lakers,129,Sacramento Kings,113,Box Score,,17583,
Sat Feb 1 2020,10:30p,Utah Jazz,107,Portland Trail Blazers,124,Box Score,,19603,
Sun Feb 2 2020,12:30p,Denver Nuggets,123,Detroit Pistons,128,Box Score,OT,15488,
Sun Feb 2 2020,2:00p,New Orleans Pelicans,109,Houston Rockets,117,Box Score,,18055,
Sun Feb 2 2020,2:00p,Phoenix Suns,108,Milwaukee Bucks,129,Box Score,,17754,
Sun Feb 2 2020,3:00p,Chicago Bulls,102,Toronto Raptors,129,Box Score,,19800,
Mon Feb 3 2020,7:00p,Orlando Magic,112,Charlotte Hornets,100,Box Score,,12337,
Mon Feb 3 2020,7:00p,New York Knicks,139,Cleveland Cavaliers,134,Box Score,OT,16303,
Mon Feb 3 2020,7:00p,Dallas Mavericks,112,Indiana Pacers,103,Box Score,,15086,
Mon Feb 3 2020,7:00p,Golden State Warriors,125,Washington Wizards,117,Box Score,,17120,
Mon Feb 3 2020,7:30p,Boston Celtics,123,Atlanta Hawks,115,Box Score,,16231,
Mon Feb 3 2020,7:30p,Phoenix Suns,97,Brooklyn Nets,119,Box Score,,14891,
Mon Feb 3 2020,7:30p,Philadelphia 76ers,106,Miami Heat,137,Box Score,,19725,
Mon Feb 3 2020,8:00p,Detroit Pistons,82,Memphis Grizzlies,96,Box Score,,14597,
Mon Feb 3 2020,10:00p,Minnesota Timberwolves,109,Sacramento Kings,113,Box Score,,15819,
Mon Feb 3 2020,10:30p,San Antonio Spurs,105,Los Angeles Clippers,108,Box Score,,19068,
Tue Feb 4 2020,7:30p,Milwaukee Bucks,120,New Orleans Pelicans,108,Box Score,,15424,
Tue Feb 4 2020,8:00p,Charlotte Hornets,110,Houston Rockets,125,Box Score,,18055,
Tue Feb 4 2020,9:00p,Portland Trail Blazers,99,Denver Nuggets,127,Box Score,,19520,
Tue Feb 4 2020,10:00p,San Antonio Spurs,102,Los Angeles Lakers,129,Box Score,,18997,
Wed Feb 5 2020,7:00p,Phoenix Suns,108,Detroit Pistons,116,Box Score,,13707,
Wed Feb 5 2020,7:30p,Orlando Magic,100,Boston Celtics,116,Box Score,,19156,
Wed Feb 5 2020,7:30p,Golden State Warriors,88,Brooklyn Nets,129,Box Score,,14352,
Wed Feb 5 2020,7:30p,Indiana Pacers,118,Toronto Raptors,119,Box Score,,19800,
Wed Feb 5 2020,8:00p,Atlanta Hawks,127,Minnesota Timberwolves,120,Box Score,,10779,
Wed Feb 5 2020,8:00p,Cleveland Cavaliers,103,Oklahoma City Thunder,109,Box Score,,18203,
Wed Feb 5 2020,8:30p,Memphis Grizzlies,121,Dallas Mavericks,107,Box Score,,20069,
Wed Feb 5 2020,9:00p,Denver Nuggets,98,Utah Jazz,95,Box Score,,18306,
Wed Feb 5 2020,10:00p,Miami Heat,111,Los Angeles Clippers,128,Box Score,,19068,
Thu Feb 6 2020,7:30p,Orlando Magic,103,New York Knicks,105,Box Score,,18895,
Thu Feb 6 2020,8:00p,New Orleans Pelicans,125,Chicago Bulls,119,Box Score,,18247,
Thu Feb 6 2020,8:00p,Philadelphia 76ers,101,Milwaukee Bucks,112,Box Score,,17928,
Thu Feb 6 2020,10:00p,San Antonio Spurs,117,Portland Trail Blazers,125,Box Score,,19653,
Thu Feb 6 2020,10:30p,Houston Rockets,121,Los Angeles Lakers,111,Box Score,,18997,
Fri Feb 7 2020,7:00p,Memphis Grizzlies,107,Philadelphia 76ers,119,Box Score,,20779,
Fri Feb 7 2020,7:00p,Dallas Mavericks,118,Washington Wizards,119,Box Score,,20476,
Fri Feb 7 2020,7:30p,Atlanta Hawks,107,Boston Celtics,112,Box Score,,19156,
Fri Feb 7 2020,8:00p,Toronto Raptors,115,Indiana Pacers,106,Box Score,,17028,
Fri Feb 7 2020,8:00p,Detroit Pistons,101,Oklahoma City Thunder,108,Box Score,,18203,
Fri Feb 7 2020,9:00p,Houston Rockets,91,Phoenix Suns,127,Box Score,,17043,
Fri Feb 7 2020,10:00p,Miami Heat,97,Sacramento Kings,105,Box Score,,16760,
Fri Feb 7 2020,10:30p,Portland Trail Blazers,114,Utah Jazz,117,Box Score,,18306,
Sat Feb 8 2020,5:00p,Milwaukee Bucks,111,Orlando Magic,95,Box Score,,16632,
Sat Feb 8 2020,7:00p,Dallas Mavericks,116,Charlotte Hornets,100,Box Score,,19370,
Sat Feb 8 2020,7:00p,New York Knicks,95,Detroit Pistons,92,Box Score,,15980,
Sat Feb 8 2020,7:30p,New Orleans Pelicans,124,Indiana Pacers,117,Box Score,,17923,
Sat Feb 8 2020,7:30p,Brooklyn Nets,118,Toronto Raptors,119,Box Score,,19800,
Sat Feb 8 2020,8:00p,Los Angeles Clippers,115,Minnesota Timberwolves,142,Box Score,,18978,
Sat Feb 8 2020,8:30p,Los Angeles Lakers,125,Golden State Warriors,120,Box Score,,18064,
Sat Feb 8 2020,9:00p,Denver Nuggets,117,Phoenix Suns,108,Box Score,,16843,
Sat Feb 8 2020,10:00p,San Antonio Spurs,102,Sacramento Kings,122,Box Score,,16756,
Sun Feb 9 2020,3:30p,Boston Celtics,112,Oklahoma City Thunder,111,Box Score,,18203,
Sun Feb 9 2020,6:00p,New York Knicks,135,Atlanta Hawks,140,Box Score,2OT,16309,
Sun Feb 9 2020,6:00p,Chicago Bulls,111,Philadelphia 76ers,118,Box Score,,21018,
Sun Feb 9 2020,6:00p,Memphis Grizzlies,106,Washington Wizards,99,Box Score,,17251,
Sun Feb 9 2020,7:00p,Utah Jazz,114,Houston Rockets,113,Box Score,,18055,
Sun Feb 9 2020,7:30p,Los Angeles Clippers,133,Cleveland Cavaliers,92,Box Score,,17240,
Sun Feb 9 2020,9:00p,Miami Heat,109,Portland Trail Blazers,115,Box Score,,19726,
Mon Feb 10 2020,7:00p,Charlotte Hornets,87,Detroit Pistons,76,Box Score,,13941,
Mon Feb 10 2020,7:00p,Brooklyn Nets,106,Indiana Pacers,105,Box Score,,16761,
Mon Feb 10 2020,7:00p,Atlanta Hawks,126,Orlando Magic,135,Box Score,,17076,
Mon Feb 10 2020,7:30p,Minnesota Timberwolves,126,Toronto Raptors,137,Box Score,,19800,
Mon Feb 10 2020,8:00p,Sacramento Kings,111,Milwaukee Bucks,123,Box Score,,17463,
Mon Feb 10 2020,8:30p,Utah Jazz,123,Dallas Mavericks,119,Box Score,,19793,
Mon Feb 10 2020,9:00p,San Antonio Spurs,120,Denver Nuggets,127,Box Score,,19520,
Mon Feb 10 2020,10:30p,Miami Heat,113,Golden State Warriors,101,Box Score,,18064,
Mon Feb 10 2020,10:30p,Phoenix Suns,100,Los Angeles Lakers,125,Box Score,,18997,
Tue Feb 11 2020,7:00p,Los Angeles Clippers,103,Philadelphia 76ers,110,Box Score,,20730,
Tue Feb 11 2020,7:00p,Chicago Bulls,114,Washington Wizards,126,Box Score,,15135,
Tue Feb 11 2020,8:00p,Portland Trail Blazers,117,New Orleans Pelicans,138,Box Score,,15739,
Tue Feb 11 2020,8:00p,San Antonio Spurs,114,Oklahoma City Thunder,106,Box Score,,18203,
Tue Feb 11 2020,9:30p,Boston Celtics,105,Houston Rockets,116,Box Score,,18055,
Wed Feb 12 2020,7:00p,Atlanta Hawks,105,Cleveland Cavaliers,127,Box Score,,16200,
Wed Feb 12 2020,7:00p,Detroit Pistons,112,Orlando Magic,116,Box Score,OT,16607,
Wed Feb 12 2020,7:30p,Toronto Raptors,91,Brooklyn Nets,101,Box Score,,15823,
Wed Feb 12 2020,7:30p,Milwaukee Bucks,111,Indiana Pacers,118,Box Score,,17018,
Wed Feb 12 2020,7:30p,Washington Wizards,114,New York Knicks,96,Box Score,,18835,
Wed Feb 12 2020,8:00p,Portland Trail Blazers,104,Memphis Grizzlies,111,Box Score,,16889,
Wed Feb 12 2020,8:00p,Charlotte Hornets,115,Minnesota Timberwolves,108,Box Score,,18978,
Wed Feb 12 2020,8:30p,Sacramento Kings,111,Dallas Mavericks,130,Box Score,,19842,
Wed Feb 12 2020,9:00p,Golden State Warriors,106,Phoenix Suns,112,Box Score,,15216,
Wed Feb 12 2020,9:00p,Miami Heat,101,Utah Jazz,116,Box Score,,18306,
Wed Feb 12 2020,10:00p,Los Angeles Lakers,120,Denver Nuggets,116,Box Score,OT,19860,
Thu Feb 13 2020,8:00p,Los Angeles Clippers,133,Boston Celtics,141,Box Score,2OT,19156,
Thu Feb 13 2020,8:00p,Oklahoma City Thunder,123,New Orleans Pelicans,118,Box Score,,17865,
Thu Feb 20 2020,7:00p,Milwaukee Bucks,126,Detroit Pistons,106,Box Score,,16097,
Thu Feb 20 2020,7:30p,Miami Heat,124,Atlanta Hawks,129,Box Score,,17356,
Thu Feb 20 2020,8:00p,Charlotte Hornets,103,Chicago Bulls,93,Box Score,,17463,
Thu Feb 20 2020,8:00p,Brooklyn Nets,104,Philadelphia 76ers,112,Box Score,OT,20806,
Thu Feb 20 2020,10:00p,Memphis Grizzlies,125,Sacramento Kings,129,Box Score,,17078,
Thu Feb 20 2020,10:30p,Houston Rockets,135,Golden State Warriors,105,Box Score,,18064,
Fri Feb 21 2020,7:00p,Dallas Mavericks,122,Orlando Magic,106,Box Score,,18846,
Fri Feb 21 2020,7:00p,Cleveland Cavaliers,113,Washington Wizards,108,Box Score,,18895,
Fri Feb 21 2020,7:30p,Indiana Pacers,106,New York Knicks,98,Box Score,,19812,
Fri Feb 21 2020,7:30p,Phoenix Suns,101,Toronto Raptors,118,Box Score,,19800,
Fri Feb 21 2020,8:00p,Boston Celtics,127,Minnesota Timberwolves,117,Box Score,,18978,
Fri Feb 21 2020,8:00p,Denver Nuggets,101,Oklahoma City Thunder,113,Box Score,,18203,
Fri Feb 21 2020,9:00p,San Antonio Spurs,113,Utah Jazz,104,Box Score,,18306,
Fri Feb 21 2020,10:30p,Memphis Grizzlies,105,Los Angeles Lakers,117,Box Score,,18997,
Fri Feb 21 2020,10:30p,New Orleans Pelicans,128,Portland Trail Blazers,115,Box Score,,19946,
Sat Feb 22 2020,3:30p,Sacramento Kings,112,Los Angeles Clippers,103,Box Score,,19068,
Sat Feb 22 2020,7:00p,Brooklyn Nets,115,Charlotte Hornets,86,Box Score,,19079,
Sat Feb 22 2020,7:30p,Dallas Mavericks,107,Atlanta Hawks,111,Box Score,,17050,
Sat Feb 22 2020,8:00p,Phoenix Suns,112,Chicago Bulls,104,Box Score,,20506,
Sat Feb 22 2020,8:00p,Cleveland Cavaliers,105,Miami Heat,124,Box Score,,19754,
Sat Feb 22 2020,8:30p,Philadelphia 76ers,98,Milwaukee Bucks,119,Box Score,,18290,
Sat Feb 22 2020,9:00p,Houston Rockets,120,Utah Jazz,110,Box Score,,18306,
Sun Feb 23 2020,3:30p,Boston Celtics,112,Los Angeles Lakers,114,Box Score,,18997,
Sun Feb 23 2020,6:00p,Minnesota Timberwolves,116,Denver Nuggets,128,Box Score,,19626,
Sun Feb 23 2020,6:00p,Indiana Pacers,81,Toronto Raptors,127,Box Score,,19800,
Sun Feb 23 2020,7:00p,Washington Wizards,117,Chicago Bulls,126,Box Score,,18024,
Sun Feb 23 2020,7:00p,San Antonio Spurs,103,Oklahoma City Thunder,131,Box Score,,18203,
Sun Feb 23 2020,8:30p,New Orleans Pelicans,115,Golden State Warriors,101,Box Score,,18064,
Sun Feb 23 2020,9:00p,Detroit Pistons,104,Portland Trail Blazers,107,Box Score,,19393,
Mon Feb 24 2020,7:00p,Miami Heat,119,Cleveland Cavaliers,125,Box Score,OT,17336,
Mon Feb 24 2020,7:00p,Atlanta Hawks,112,Philadelphia 76ers,129,Box Score,,20836,
Mon Feb 24 2020,7:00p,Milwaukee Bucks,137,Washington Wizards,134,Box Score,OT,16580,
Mon Feb 24 2020,7:30p,Orlando Magic,115,Brooklyn Nets,113,Box Score,,16162,
Mon Feb 24 2020,8:00p,New York Knicks,112,Houston Rockets,123,Box Score,,18055,
Mon Feb 24 2020,8:30p,Minnesota Timberwolves,123,Dallas Mavericks,139,Box Score,,19936,
Mon Feb 24 2020,9:00p,Phoenix Suns,131,Utah Jazz,111,Box Score,,18306,
Mon Feb 24 2020,10:30p,Memphis Grizzlies,97,Los Angeles Clippers,124,Box Score,,19068,
Tue Feb 25 2020,7:00p,Charlotte Hornets,80,Indiana Pacers,119,Box Score,,16088,
Tue Feb 25 2020,7:30p,Milwaukee Bucks,108,Toronto Raptors,97,Box Score,,19993,
Tue Feb 25 2020,8:00p,Oklahoma City Thunder,124,Chicago Bulls,122,Box Score,,16911,
Tue Feb 25 2020,9:00p,Detroit Pistons,98,Denver Nuggets,115,Box Score,,19143,
Tue Feb 25 2020,10:00p,New Orleans Pelicans,109,Los Angeles Lakers,118,Box Score,,18997,
Tue Feb 25 2020,10:00p,Boston Celtics,118,Portland Trail Blazers,106,Box Score,,19460,
Tue Feb 25 2020,10:30p,Sacramento Kings,112,Golden State Warriors,94,Box Score,,18064,
Wed Feb 26 2020,7:00p,New York Knicks,101,Charlotte Hornets,107,Box Score,,13152,
Wed Feb 26 2020,7:00p,Philadelphia 76ers,94,Cleveland Cavaliers,108,Box Score,,16332,
Wed Feb 26 2020,7:00p,Brooklyn Nets,106,Washington Wizards,110,Box Score,,15021,
Wed Feb 26 2020,7:30p,Orlando Magic,130,Atlanta Hawks,120,Box Score,,14967,
Wed Feb 26 2020,7:30p,Minnesota Timberwolves,129,Miami Heat,126,Box Score,,19600,
Wed Feb 26 2020,8:00p,Memphis Grizzlies,112,Houston Rockets,140,Box Score,,18055,
Wed Feb 26 2020,8:30p,Dallas Mavericks,109,San Antonio Spurs,103,Box Score,,18354,
Wed Feb 26 2020,9:00p,Los Angeles Clippers,102,Phoenix Suns,92,Box Score,,15157,
Wed Feb 26 2020,10:30p,Boston Celtics,114,Utah Jazz,103,Box Score,,18306,
Thu Feb 27 2020,7:00p,New York Knicks,106,Philadelphia 76ers,115,Box Score,,20175,
Thu Feb 27 2020,8:00p,Portland Trail Blazers,100,Indiana Pacers,106,Box Score,,16872,
Thu Feb 27 2020,8:00p,Sacramento Kings,108,Oklahoma City Thunder,112,Box Score,,18203,
Thu Feb 27 2020,10:30p,Los Angeles Lakers,116,Golden State Warriors,86,Box Score,,18064,
Fri Feb 28 2020,7:00p,Minnesota Timberwolves,125,Orlando Magic,136,Box Score,,18846,
Fri Feb 28 2020,7:30p,Brooklyn Nets,118,Atlanta Hawks,141,Box Score,,17034,
Fri Feb 28 2020,7:30p,Charlotte Hornets,99,Toronto Raptors,96,Box Score,,19800,
Fri Feb 28 2020,8:00p,Sacramento Kings,104,Memphis Grizzlies,101,Box Score,,17794,
Fri Feb 28 2020,8:00p,Dallas Mavericks,118,Miami Heat,126,Box Score,,19704,
Fri Feb 28 2020,8:00p,Oklahoma City Thunder,86,Milwaukee Bucks,133,Box Score,,18412,
Fri Feb 28 2020,8:00p,Cleveland Cavaliers,104,New Orleans Pelicans,116,Box Score,,18304,
Fri Feb 28 2020,9:00p,Detroit Pistons,113,Phoenix Suns,111,Box Score,,17142,
Fri Feb 28 2020,9:00p,Washington Wizards,119,Utah Jazz,129,Box Score,,18306,
Fri Feb 28 2020,10:30p,Denver Nuggets,103,Los Angeles Clippers,132,Box Score,,19068,
Sat Feb 29 2020,5:00p,Chicago Bulls,115,New York Knicks,125,Box Score,,19812,
Sat Feb 29 2020,7:30p,Portland Trail Blazers,117,Atlanta Hawks,129,Box Score,,17765,
Sat Feb 29 2020,7:30p,Brooklyn Nets,113,Miami Heat,116,Box Score,,19600,
Sat Feb 29 2020,8:00p,Indiana Pacers,113,Cleveland Cavaliers,104,Box Score,,19432,
Sat Feb 29 2020,8:00p,Los Angeles Lakers,88,Memphis Grizzlies,105,Box Score,,17794,
Sat Feb 29 2020,8:30p,Houston Rockets,111,Boston Celtics,110,Box Score,OT,19156,
Sat Feb 29 2020,8:30p,Orlando Magic,113,San Antonio Spurs,114,Box Score,,18354,
Sat Feb 29 2020,9:00p,Golden State Warriors,115,Phoenix Suns,99,Box Score,,16395,
Sun Mar 1 2020,1:00p,Milwaukee Bucks,93,Charlotte Hornets,85,Box Score,,19149,
Sun Mar 1 2020,3:30p,Philadelphia 76ers,130,Los Angeles Clippers,136,Box Score,,19068,
Sun Mar 1 2020,3:30p,Dallas Mavericks,111,Minnesota Timberwolves,91,Box Score,,18058,
Sun Mar 1 2020,6:00p,Toronto Raptors,118,Denver Nuggets,133,Box Score,,19777,
Sun Mar 1 2020,6:00p,Detroit Pistons,100,Sacramento Kings,106,Box Score,,17499,
Sun Mar 1 2020,8:00p,Los Angeles Lakers,122,New Orleans Pelicans,114,Box Score,,18547,
Sun Mar 1 2020,8:30p,Washington Wizards,124,Golden State Warriors,110,Box Score,,18064,
Mon Mar 2 2020,7:00p,Utah Jazz,126,Cleveland Cavaliers,113,Box Score,,15453,
Mon Mar 2 2020,7:00p,Houston Rockets,123,New York Knicks,125,Box Score,,18142,
Mon Mar 2 2020,7:00p,Portland Trail Blazers,130,Orlando Magic,107,Box Score,,18078,
Mon Mar 2 2020,7:30p,Memphis Grizzlies,127,Atlanta Hawks,88,Box Score,,16207,
Mon Mar 2 2020,7:30p,Milwaukee Bucks,89,Miami Heat,105,Box Score,,19600,
Mon Mar 2 2020,8:00p,Dallas Mavericks,107,Chicago Bulls,109,Box Score,,18407,
Mon Mar 2 2020,8:30p,Indiana Pacers,116,San Antonio Spurs,111,Box Score,,17635,
Tue Mar 3 2020,7:00p,San Antonio Spurs,104,Charlotte Hornets,103,Box Score,,12008,
Tue Mar 3 2020,7:30p,Brooklyn Nets,129,Boston Celtics,120,Box Score,OT,19156,
Tue Mar 3 2020,8:00p,Minnesota Timberwolves,139,New Orleans Pelicans,134,Box Score,,15264,
Tue Mar 3 2020,8:00p,Los Angeles Clippers,109,Oklahoma City Thunder,94,Box Score,,18203,
Tue Mar 3 2020,9:00p,Golden State Warriors,116,Denver Nuggets,100,Box Score,,19520,
Tue Mar 3 2020,9:00p,Toronto Raptors,123,Phoenix Suns,114,Box Score,,15553,
Tue Mar 3 2020,10:00p,Philadelphia 76ers,107,Los Angeles Lakers,120,Box Score,,18997,
Tue Mar 3 2020,10:00p,Washington Wizards,126,Sacramento Kings,133,Box Score,,16419,
Wed Mar 4 2020,7:00p,Boston Celtics,112,Cleveland Cavaliers,106,Box Score,,16897,
Wed Mar 4 2020,7:00p,Oklahoma City Thunder,114,Detroit Pistons,107,Box Score,,15138,
Wed Mar 4 2020,7:00p,Indiana Pacers,100,Milwaukee Bucks,119,Box Score,,17695,
Wed Mar 4 2020,7:30p,Memphis Grizzlies,118,Brooklyn Nets,79,Box Score,,16941,
Wed Mar 4 2020,7:30p,Utah Jazz,112,New York Knicks,104,Box Score,,16588,
Wed Mar 4 2020,7:30p,Orlando Magic,113,Miami Heat,116,Box Score,,19600,
Wed Mar 4 2020,8:00p,Chicago Bulls,108,Minnesota Timberwolves,115,Box Score,,13392,
Wed Mar 4 2020,9:30p,New Orleans Pelicans,123,Dallas Mavericks,127,Box Score,OT,20459,
Wed Mar 4 2020,10:00p,Washington Wizards,104,Portland Trail Blazers,125,Box Score,,19393,
Thu Mar 5 2020,7:00p,Denver Nuggets,114,Charlotte Hornets,112,Box Score,,13311,
Thu Mar 5 2020,8:00p,Los Angeles Clippers,120,Houston Rockets,105,Box Score,,18055,
Thu Mar 5 2020,10:00p,Philadelphia 76ers,125,Sacramento Kings,108,Box Score,,15485,
Thu Mar 5 2020,10:30p,Toronto Raptors,121,Golden State Warriors,113,Box Score,,18064,
Fri Mar 6 2020,7:00p,Atlanta Hawks,112,Washington Wizards,118,Box Score,,17856,
Fri Mar 6 2020,7:30p,San Antonio Spurs,120,Brooklyn Nets,139,Box Score,,16277,
Fri Mar 6 2020,7:30p,Oklahoma City Thunder,126,New York Knicks,103,Box Score,,19499,
Fri Mar 6 2020,8:00p,Indiana Pacers,108,Chicago Bulls,102,Box Score,,20229,
Fri Mar 6 2020,8:00p,Orlando Magic,132,Minnesota Timberwolves,118,Box Score,,14315,
Fri Mar 6 2020,8:00p,Miami Heat,104,New Orleans Pelicans,110,Box Score,,18384,
Fri Mar 6 2020,8:00p,Utah Jazz,99,Boston Celtics,94,Box Score,,19156,
Fri Mar 6 2020,8:30p,Memphis Grizzlies,96,Dallas Mavericks,121,Box Score,,20370,
Fri Mar 6 2020,9:00p,Portland Trail Blazers,117,Phoenix Suns,127,Box Score,,15522,
Fri Mar 6 2020,10:30p,Milwaukee Bucks,103,Los Angeles Lakers,113,Box Score,,18997,
Sat Mar 7 2020,5:00p,Houston Rockets,99,Charlotte Hornets,108,Box Score,,19159,
Sat Mar 7 2020,7:00p,Utah Jazz,111,Detroit Pistons,105,Box Score,,16590,
Sat Mar 7 2020,7:30p,Denver Nuggets,102,Cleveland Cavaliers,104,Box Score,,19432,
Sat Mar 7 2020,8:00p,Atlanta Hawks,101,Memphis Grizzlies,118,Box Score,,17117,
Sat Mar 7 2020,8:30p,Philadelphia 76ers,114,Golden State Warriors,118,Box Score,,18064,
Sat Mar 7 2020,10:00p,Sacramento Kings,123,Portland Trail Blazers,111,Box Score,,19691,
Sun Mar 8 2020,3:00p,Chicago Bulls,107,Brooklyn Nets,110,Box Score,,15916,
Sun Mar 8 2020,3:30p,New Orleans Pelicans,120,Minnesota Timberwolves,107,Box Score,,18978,
Sun Mar 8 2020,3:30p,Los Angeles Lakers,112,Los Angeles Clippers,103,Box Score,,19068,
Sun Mar 8 2020,6:00p,Oklahoma City Thunder,105,Boston Celtics,104,Box Score,,19156,
Sun Mar 8 2020,6:00p,Milwaukee Bucks,131,Phoenix Suns,140,Box Score,,17282,
Sun Mar 8 2020,7:00p,Miami Heat,100,Washington Wizards,89,Box Score,,18135,
Sun Mar 8 2020,7:00p,Indiana Pacers,112,Dallas Mavericks,109,Box Score,,20324,
Sun Mar 8 2020,7:00p,Orlando Magic,126,Houston Rockets,106,Box Score,,18055,
Sun Mar 8 2020,7:30p,Detroit Pistons,84,New York Knicks,96,Box Score,,18361,
Sun Mar 8 2020,7:30p,San Antonio Spurs,129,Cleveland Cavaliers,132,Box Score,OT,17995,
Sun Mar 8 2020,9:00p,Toronto Raptors,118,Sacramento Kings,113,Box Score,,16449,
Mon Mar 9 2020,7:30p,Charlotte Hornets,138,Atlanta Hawks,143,Box Score,2OT,14399,
Mon Mar 9 2020,9:00p,Milwaukee Bucks,95,Denver Nuggets,109,Box Score,,19838,
Mon Mar 9 2020,9:00p,Toronto Raptors,101,Utah Jazz,92,Box Score,,18306,
Tue Mar 10 2020,7:00p,New York Knicks,115,Washington Wizards,122,Box Score,,15048,
Tue Mar 10 2020,7:00p,Boston Celtics,114,Indiana Pacers,111,Box Score,,17053,
Tue Mar 10 2020,8:00p,Minnesota Timberwolves,111,Houston Rockets,117,Box Score,,18055,
Tue Mar 10 2020,8:00p,Dallas Mavericks,109,San Antonio Spurs,119,Box Score,,18354,
Tue Mar 10 2020,8:00p,Orlando Magic,120,Memphis Grizzlies,115,Box Score,,15388,
Tue Mar 10 2020,8:00p,Cleveland Cavaliers,103,Chicago Bulls,108,Box Score,,17837,
Tue Mar 10 2020,10:00p,Phoenix Suns,105,Portland Trail Blazers,121,Box Score,,19393,
Tue Mar 10 2020,10:30p,Brooklyn Nets,104,Los Angeles Lakers,102,Box Score,,18997,
Tue Mar 10 2020,10:30p,Los Angeles Clippers,131,Golden State Warriors,107,Box Score,,18064,
Wed Mar 11 2020,7:00p,Detroit Pistons,106,Philadelphia 76ers,124,Box Score,,20172,
Wed Mar 11 2020,7:30p,New York Knicks,136,Atlanta Hawks,131,Box Score,OT,15393,
Wed Mar 11 2020,7:30p,Charlotte Hornets,109,Miami Heat,98,Box Score,,19600,
Wed Mar 11 2020,8:00p,Denver Nuggets,97,Dallas Mavericks,113,Box Score,,20302,
Thu Jul 30 2020,6:30p,Utah Jazz,106,New Orleans Pelicans,104,Box Score,,,
Thu Jul 30 2020,9:00p,Los Angeles Clippers,101,Los Angeles Lakers,103,Box Score,,,
Fri Jul 31 2020,2:30p,Orlando Magic,128,Brooklyn Nets,118,Box Score,,0,
Fri Jul 31 2020,4:00p,Memphis Grizzlies,135,Portland Trail Blazers,140,Box Score,OT,,
Fri Jul 31 2020,4:00p,Phoenix Suns,125,Washington Wizards,112,Box Score,,,
Fri Jul 31 2020,6:30p,Boston Celtics,112,Milwaukee Bucks,119,Box Score,,,
Fri Jul 31 2020,8:00p,Sacramento Kings,120,San Antonio Spurs,129,Box Score,,,
Fri Jul 31 2020,9:00p,Houston Rockets,153,Dallas Mavericks,149,Box Score,OT,,
Sat Aug 1 2020,1:00p,Miami Heat,125,Denver Nuggets,105,Box Score,,,
Sat Aug 1 2020,3:30p,Utah Jazz,94,Oklahoma City Thunder,110,Box Score,,,
Sat Aug 1 2020,6:00p,New Orleans Pelicans,103,Los Angeles Clippers,126,Box Score,,,
Sat Aug 1 2020,7:00p,Philadelphia 76ers,121,Indiana Pacers,127,Box Score,,,
Sat Aug 1 2020,8:30p,Los Angeles Lakers,92,Toronto Raptors,107,Box Score,,,
Sun Aug 2 2020,2:00p,Washington Wizards,110,Brooklyn Nets,118,Box Score,,,
Sun Aug 2 2020,3:30p,Portland Trail Blazers,124,Boston Celtics,128,Box Score,,,
Sun Aug 2 2020,4:00p,San Antonio Spurs,108,Memphis Grizzlies,106,Box Score,,,
Sun Aug 2 2020,6:00p,Sacramento Kings,116,Orlando Magic,132,Box Score,,,
Sun Aug 2 2020,8:30p,Milwaukee Bucks,116,Houston Rockets,120,Box Score,,,
Sun Aug 2 2020,9:00p,Dallas Mavericks,115,Phoenix Suns,117,Box Score,,,
Mon Aug 3 2020,1:30p,Toronto Raptors,107,Miami Heat,103,Box Score,,,
Mon Aug 3 2020,4:00p,Indiana Pacers,111,Washington Wizards,100,Box Score,,,
Mon Aug 3 2020,4:00p,Denver Nuggets,121,Oklahoma City Thunder,113,Box Score,OT,,
Mon Aug 3 2020,6:30p,Memphis Grizzlies,99,New Orleans Pelicans,109,Box Score,,,
Mon Aug 3 2020,8:00p,San Antonio Spurs,130,Philadelphia 76ers,132,Box Score,,,
Mon Aug 3 2020,9:00p,Los Angeles Lakers,116,Utah Jazz,108,Box Score,,,
Tue Aug 4 2020,1:30p,Brooklyn Nets,119,Milwaukee Bucks,116,Box Score,,,
Tue Aug 4 2020,2:30p,Dallas Mavericks,114,Sacramento Kings,110,Box Score,OT,,
Tue Aug 4 2020,4:00p,Phoenix Suns,117,Los Angeles Clippers,115,Box Score,,,
Tue Aug 4 2020,6:00p,Orlando Magic,109,Indiana Pacers,120,Box Score,,,
Tue Aug 4 2020,6:30p,Boston Celtics,106,Miami Heat,112,Box Score,,,
Tue Aug 4 2020,9:00p,Houston Rockets,102,Portland Trail Blazers,110,Box Score,,,
Wed Aug 5 2020,2:30p,Memphis Grizzlies,115,Utah Jazz,124,Box Score,,,
Wed Aug 5 2020,4:00p,Philadelphia 76ers,107,Washington Wizards,98,Box Score,,,
Wed Aug 5 2020,4:00p,Denver Nuggets,132,San Antonio Spurs,126,Box Score,,,
Wed Aug 5 2020,6:30p,Oklahoma City Thunder,105,Los Angeles Lakers,86,Box Score,,,
Wed Aug 5 2020,8:00p,Toronto Raptors,109,Orlando Magic,99,Box Score,,,
Wed Aug 5 2020,9:00p,Brooklyn Nets,115,Boston Celtics,149,Box Score,,,
Thu Aug 6 2020,1:30p,New Orleans Pelicans,125,Sacramento Kings,140,Box Score,,,
Thu Aug 6 2020,4:00p,Miami Heat,116,Milwaukee Bucks,130,Box Score,,,
Thu Aug 6 2020,4:00p,Indiana Pacers,99,Phoenix Suns,114,Box Score,,,
Thu Aug 6 2020,6:30p,Los Angeles Clippers,126,Dallas Mavericks,111,Box Score,,,
Thu Aug 6 2020,8:00p,Portland Trail Blazers,125,Denver Nuggets,115,Box Score,,,
Thu Aug 6 2020,9:00p,Los Angeles Lakers,97,Houston Rockets,113,Box Score,,,
Fri Aug 7 2020,1:00p,Utah Jazz,111,San Antonio Spurs,119,Box Score,,,
Fri Aug 7 2020,4:00p,Oklahoma City Thunder,92,Memphis Grizzlies,121,Box Score,,,
Fri Aug 7 2020,5:00p,Sacramento Kings,106,Brooklyn Nets,119,Box Score,,,
Fri Aug 7 2020,6:30p,Orlando Magic,101,Philadelphia 76ers,108,Box Score,,,
Fri Aug 7 2020,8:00p,Washington Wizards,107,New Orleans Pelicans,118,Box Score,,,
Fri Aug 7 2020,9:00p,Boston Celtics,122,Toronto Raptors,100,Box Score,,,
Sat Aug 8 2020,1:00p,Los Angeles Clippers,122,Portland Trail Blazers,117,Box Score,,,
Sat Aug 8 2020,3:30p,Utah Jazz,132,Denver Nuggets,134,Box Score,2OT,,
Sat Aug 8 2020,6:00p,Los Angeles Lakers,111,Indiana Pacers,116,Box Score,,,
Sat Aug 8 2020,7:30p,Phoenix Suns,119,Miami Heat,112,Box Score,,,
Sat Aug 8 2020,8:30p,Milwaukee Bucks,132,Dallas Mavericks,136,Box Score,OT,,
Sun Aug 9 2020,12:30p,Washington Wizards,103,Oklahoma City Thunder,121,Box Score,,,
Sun Aug 9 2020,2:00p,Memphis Grizzlies,99,Toronto Raptors,108,Box Score,,,
Sun Aug 9 2020,3:00p,San Antonio Spurs,122,New Orleans Pelicans,113,Box Score,,,
Sun Aug 9 2020,5:00p,Orlando Magic,119,Boston Celtics,122,Box Score,OT,,
Sun Aug 9 2020,6:30p,Philadelphia 76ers,121,Portland Trail Blazers,124,Box Score,,,
Sun Aug 9 2020,8:00p,Houston Rockets,129,Sacramento Kings,112,Box Score,,,
Sun Aug 9 2020,9:00p,Brooklyn Nets,129,Los Angeles Clippers,120,Box Score,,,
Mon Aug 10 2020,2:30p,Oklahoma City Thunder,101,Phoenix Suns,128,Box Score,,,
Mon Aug 10 2020,3:00p,Dallas Mavericks,122,Utah Jazz,114,Box Score,,,
Mon Aug 10 2020,6:30p,Toronto Raptors,114,Milwaukee Bucks,106,Box Score,,,
Mon Aug 10 2020,8:00p,Indiana Pacers,92,Miami Heat,114,Box Score,,,
Mon Aug 10 2020,9:00p,Denver Nuggets,121,Los Angeles Lakers,124,Box Score,,,
Tue Aug 11 2020,1:00p,Brooklyn Nets,108,Orlando Magic,96,Box Score,,,
Tue Aug 11 2020,2:00p,Houston Rockets,105,San Antonio Spurs,123,Box Score,,,
Tue Aug 11 2020,4:30p,Phoenix Suns,130,Philadelphia 76ers,117,Box Score,,,
Tue Aug 11 2020,5:00p,Boston Celtics,122,Memphis Grizzlies,107,Box Score,,,
Tue Aug 11 2020,6:30p,Portland Trail Blazers,134,Dallas Mavericks,131,Box Score,,,
Tue Aug 11 2020,9:00p,Milwaukee Bucks,126,Washington Wizards,113,Box Score,,,
Tue Aug 11 2020,9:00p,New Orleans Pelicans,106,Sacramento Kings,112,Box Score,,,
Wed Aug 12 2020,4:00p,Indiana Pacers,108,Houston Rockets,104,Box Score,,,
Wed Aug 12 2020,6:30p,Toronto Raptors,125,Philadelphia 76ers,121,Box Score,,,
Wed Aug 12 2020,8:00p,Miami Heat,115,Oklahoma City Thunder,116,Box Score,,,
Wed Aug 12 2020,9:00p,Los Angeles Clippers,124,Denver Nuggets,111,Box Score,,,
Thu Aug 13 2020,12:00p,Washington Wizards,96,Boston Celtics,90,Box Score,,,
Thu Aug 13 2020,1:30p,Sacramento Kings,136,Los Angeles Lakers,122,Box Score,,,
Thu Aug 13 2020,4:00p,Dallas Mavericks,102,Phoenix Suns,128,Box Score,,,
Thu Aug 13 2020,4:00p,Milwaukee Bucks,106,Memphis Grizzlies,119,Box Score,,,
Thu Aug 13 2020,6:30p,San Antonio Spurs,112,Utah Jazz,118,Box Score,,,
Thu Aug 13 2020,9:00p,New Orleans Pelicans,127,Orlando Magic,133,Box Score,,,
Thu Aug 13 2020,9:00p,Portland Trail Blazers,134,Brooklyn Nets,133,Box Score,,,
Fri Aug 14 2020,1:30p,Denver Nuggets,109,Toronto Raptors,117,Box Score,,,
Fri Aug 14 2020,4:00p,Miami Heat,92,Indiana Pacers,109,Box Score,,,
Fri Aug 14 2020,6:30p,Oklahoma City Thunder,103,Los Angeles Clippers,107,Box Score,OT,,
Fri Aug 14 2020,9:00p,Philadelphia 76ers,134,Houston Rockets,96,Box Score,,,
Sat Aug 15 2020,2:30p,Memphis Grizzlies,122,Portland Trail Blazers,126,Box Score,,,
Mon Aug 17 2020,1:30p,Utah Jazz,125,Denver Nuggets,135,Box Score,OT,,
Mon Aug 17 2020,4:00p,Brooklyn Nets,110,Toronto Raptors,134,Box Score,,,
Mon Aug 17 2020,6:30p,Philadelphia 76ers,101,Boston Celtics,109,Box Score,,,
Mon Aug 17 2020,9:00p,Dallas Mavericks,110,Los Angeles Clippers,118,Box Score,,,
Tue Aug 18 2020,1:30p,Orlando Magic,122,Milwaukee Bucks,110,Box Score,,,
Tue Aug 18 2020,4:00p,Miami Heat,113,Indiana Pacers,101,Box Score,,,
Tue Aug 18 2020,6:30p,Oklahoma City Thunder,108,Houston Rockets,123,Box Score,,,
Tue Aug 18 2020,9:00p,Portland Trail Blazers,100,Los Angeles Lakers,93,Box Score,,,
Wed Aug 19 2020,1:30p,Brooklyn Nets,99,Toronto Raptors,104,Box Score,,,
Wed Aug 19 2020,4:00p,Utah Jazz,124,Denver Nuggets,105,Box Score,,,
Wed Aug 19 2020,6:30p,Philadelphia 76ers,101,Boston Celtics,128,Box Score,,,
Wed Aug 19 2020,9:00p,Dallas Mavericks,127,Los Angeles Clippers,114,Box Score,,,
Thu Aug 20 2020,1:00p,Miami Heat,109,Indiana Pacers,100,Box Score,,,
Thu Aug 20 2020,3:30p,Oklahoma City Thunder,98,Houston Rockets,111,Box Score,,,
Thu Aug 20 2020,6:00p,Orlando Magic,96,Milwaukee Bucks,111,Box Score,,,
Thu Aug 20 2020,9:00p,Portland Trail Blazers,88,Los Angeles Lakers,111,Box Score,,,
Fri Aug 21 2020,1:30p,Toronto Raptors,117,Brooklyn Nets,92,Box Score,,,
Fri Aug 21 2020,4:00p,Denver Nuggets,87,Utah Jazz,124,Box Score,,,
Fri Aug 21 2020,6:30p,Boston Celtics,102,Philadelphia 76ers,94,Box Score,,,
Fri Aug 21 2020,9:00p,Los Angeles Clippers,130,Dallas Mavericks,122,Box Score,,,
Sat Aug 22 2020,1:00p,Milwaukee Bucks,121,Orlando Magic,107,Box Score,,,
Sat Aug 22 2020,3:30p,Indiana Pacers,115,Miami Heat,124,Box Score,,,
Sat Aug 22 2020,6:00p,Houston Rockets,107,Oklahoma City Thunder,119,Box Score,OT,,
Sat Aug 22 2020,8:30p,Los Angeles Lakers,116,Portland Trail Blazers,108,Box Score,,,
Sun Aug 23 2020,1:00p,Boston Celtics,110,Philadelphia 76ers,106,Box Score,,,
Sun Aug 23 2020,3:30p,Los Angeles Clippers,133,Dallas Mavericks,135,Box Score,OT,,
Sun Aug 23 2020,6:30p,Toronto Raptors,150,Brooklyn Nets,122,Box Score,,,
Sun Aug 23 2020,9:00p,Denver Nuggets,127,Utah Jazz,129,Box Score,,,
Mon Aug 24 2020,1:30p,Milwaukee Bucks,121,Orlando Magic,106,Box Score,,,
Mon Aug 24 2020,4:00p,Houston Rockets,114,Oklahoma City Thunder,117,Box Score,,,
Mon Aug 24 2020,6:30p,Indiana Pacers,87,Miami Heat,99,Box Score,,,
Mon Aug 24 2020,9:00p,Los Angeles Lakers,135,Portland Trail Blazers,115,Box Score,,,
Tue Aug 25 2020,6:30p,Utah Jazz,107,Denver Nuggets,117,Box Score,,,
Tue Aug 25 2020,9:00p,Dallas Mavericks,111,Los Angeles Clippers,154,Box Score,,,
Sat Aug 29 2020,3:30p,Orlando Magic,104,Milwaukee Bucks,118,Box Score,,,
Sat Aug 29 2020,6:30p,Oklahoma City Thunder,80,Houston Rockets,114,Box Score,,,
Sat Aug 29 2020,9:00p,Portland Trail Blazers,122,Los Angeles Lakers,131,Box Score,,,
Sun Aug 30 2020,1:00p,Boston Celtics,112,Toronto Raptors,94,Box Score,,,
Sun Aug 30 2020,3:30p,Los Angeles Clippers,111,Dallas Mavericks,97,Box Score,,,
Sun Aug 30 2020,8:30p,Denver Nuggets,119,Utah Jazz,107,Box Score,,,
Mon Aug 31 2020,6:30p,Miami Heat,115,Milwaukee Bucks,104,Box Score,,,
Mon Aug 31 2020,9:00p,Houston Rockets,100,Oklahoma City Thunder,104,Box Score,,,
Tue Sep 1 2020,5:30p,Boston Celtics,102,Toronto Raptors,99,Box Score,,,
Tue Sep 1 2020,8:30p,Utah Jazz,78,Denver Nuggets,80,Box Score,,,
Wed Sep 2 2020,6:30p,Miami Heat,116,Milwaukee Bucks,114,Box Score,,,
Wed Sep 2 2020,9:00p,Oklahoma City Thunder,102,Houston Rockets,104,Box Score,,,
Thu Sep 3 2020,6:30p,Toronto Raptors,104,Boston Celtics,103,Box Score,,,
Thu Sep 3 2020,9:00p,Denver Nuggets,97,Los Angeles Clippers,120,Box Score,,,
Fri Sep 4 2020,6:30p,Milwaukee Bucks,100,Miami Heat,115,Box Score,,,
Fri Sep 4 2020,9:00p,Houston Rockets,112,Los Angeles Lakers,97,Box Score,,,
Sat Sep 5 2020,6:30p,Toronto Raptors,100,Boston Celtics,93,Box Score,,,
Sat Sep 5 2020,9:00p,Denver Nuggets,110,Los Angeles Clippers,101,Box Score,,,
Sun Sep 6 2020,3:30p,Milwaukee Bucks,118,Miami Heat,115,Box Score,OT,,
Sun Sep 6 2020,8:30p,Houston Rockets,109,Los Angeles Lakers,117,Box Score,,,
Mon Sep 7 2020,6:30p,Boston Celtics,111,Toronto Raptors,89,Box Score,,,
Mon Sep 7 2020,9:00p,Los Angeles Clippers,113,Denver Nuggets,107,Box Score,,,
Tue Sep 8 2020,6:30p,Miami Heat,103,Milwaukee Bucks,94,Box Score,,,
Tue Sep 8 2020,9:00p,Los Angeles Lakers,112,Houston Rockets,102,Box Score,,,
Wed Sep 9 2020,6:30p,Toronto Raptors,125,Boston Celtics,122,Box Score,2OT,,
Wed Sep 9 2020,9:00p,Los Angeles Clippers,96,Denver Nuggets,85,Box Score,,,
Thu Sep 10 2020,7:00p,Los Angeles Lakers,110,Houston Rockets,100,Box Score,,,
Fri Sep 11 2020,6:30p,Denver Nuggets,111,Los Angeles Clippers,105,Box Score,,,
Fri Sep 11 2020,9:00p,Boston Celtics,92,Toronto Raptors,87,Box Score,,,
Sat Sep 12 2020,8:00p,Houston Rockets,96,Los Angeles Lakers,119,Box Score,,,
Sun Sep 13 2020,1:00p,Los Angeles Clippers,98,Denver Nuggets,111,Box Score,,,
Tue Sep 15 2020,6:30p,Miami Heat,117,Boston Celtics,114,Box Score,OT,,
Tue Sep 15 2020,9:00p,Denver Nuggets,104,Los Angeles Clippers,89,Box Score,,,
Thu Sep 17 2020,7:00p,Miami Heat,106,Boston Celtics,101,Box Score,,,
Fri Sep 18 2020,9:00p,Denver Nuggets,114,Los Angeles Lakers,126,Box Score,,,
Sat Sep 19 2020,8:30p,Boston Celtics,117,Miami Heat,106,Box Score,,,
Sun Sep 20 2020,7:30p,Denver Nuggets,103,Los Angeles Lakers,105,Box Score,,,
Tue Sep 22 2020,9:00p,Los Angeles Lakers,106,Denver Nuggets,114,Box Score,,,
Wed Sep 23 2020,8:30p,Boston Celtics,109,Miami Heat,112,Box Score,,,
Thu Sep 24 2020,9:00p,Los Angeles Lakers,114,Denver Nuggets,108,Box Score,,,
Fri Sep 25 2020,8:30p,Miami Heat,108,Boston Celtics,121,Box Score,,,
Sat Sep 26 2020,9:00p,Denver Nuggets,107,Los Angeles Lakers,117,Box Score,,,
Sun Sep 27 2020,7:30p,Boston Celtics,113,Miami Heat,125,Box Score,,,
Wed Sep 30 2020,9:00p,Miami Heat,98,Los Angeles Lakers,116,Box Score,,,